作者,看板,標題,時間,分數,內容
orangeleeng (風兒鬼兒),movie,[  普雷] 千年一問內有負評請斟酌,Wed Oct 21 01:38:27 2020,3,"
看完千年一問覺得滿滿無奈
要求完美與執著的老師真的有辦法忍受這部片嗎？

我主要負評在那個鏡頭一直晃啊啊啊啊啊
拍個故宮靜態文物也一直抖動，最後拍人物落淚直接拉特寫。看了超不舒服。

還有可能真的訪談太多被切得很零碎看不出真實面貌，編劇和導演也很難安排。

鄭問老師的藝術性如此崇高，怎麼後人出品的紀錄片這種德性，有人可以討論嗎？
如果是自己拍這部片，還有什麼好著眼的點？

最後，回家查資料才發現入圍金馬最佳紀錄片？希望金馬評審不會因為鄭問的崇高地位而
影響判斷力。

--
※ 發信站: 批踢踢實業坊(ptt.cc), 來自: 223.137.145.69 (臺灣)
※ 文章網址: https://www.ptt.cc/bbs/movie/M.1603215510.A.FFD.html
"
prawinra (cybernetic),movie,Re: [討論] 寄生上流是紅在哪？,Wed Oct 21 03:47:57 2020,2,"
     韓國文化深受儒教影響，甚至有將亞洲的文化與技術
     均指為朝鮮半島所創造和發明，宣稱其他國家的名人
     是韓裔後代、或具有韓國血統等的史觀論點。譬如電影
   《千機箭》。  或在《安巿城/浴血圍城88天》片中，
     高句麗守城軍擊退了親征的天可汗唐太宗。

     可見韓國人的自傲。

     而現代化南韓的資本社會，實際也落入了貧富不均的弊病叢生、
     階級意識作祟的問題。他們有些富人階層對待平民的心態，
     有諸如 大韓航空堅果返航新聞。 台灣之前稱為貳貳Ｋ的低薪世代，
     同樣在韓國有捌捌世代的非正職派遣編制。

     上述小節是對比韓國民族自傲和實際社會問題，


     以下則進入電影《寄生上流》一片簡短 劣評：近來某些批踢踢
     鄉民發出對這片「得獎」不解、認為國際影評「過譽」、
     是受韓國影業大外宣 得道。 容在下引用歷史潮流中順從政局
     統治結構、所謂犬儒之輩不敢在諸侯天子面前提及的

   《孟子 滕文公》章句下（二）
     景春曰：「公孫衍、張儀，豈不誠大丈夫哉？ 一怒而諸侯懼；安居而天下熄。」
     孟子曰：「是焉得為大丈夫乎？子未學禮乎？
               .....
               居天下之廣居，立天下之正位，行天下之大道；
               得志，與民由之；  不得志，獨行其道。

           富貴不能淫，貧賤不能移，威武不能屈，此之謂大丈夫。」

   《寄生上流》原片名稱，實屬不當喻比；在一日所需百工斯備的
     現代社會，我們看到富人生活煮食仰賴傭人、交通接送自己小孩、
     當然社會心理難免有貴賤之別，但大家心照不宣作好 表面功夫
     尊敬對方工作，即「有禮 無體」。

     此正當職業被冠以 寄生 之名。而片中飾富人男主，在最後大事中
     看似無傷大雅的掩鼻之舉措，為何會引發金司機的憤慨殺機呢？

     他女兒已被刺殺了，司機本意當初也在幫救人。 然後鑰匙被壓在
     他「同類」的屍體下，他本身就社會低端，因貧窮「子未曾學禮」
     因貧窮而不知禮。

     犬儒大大們教育他要「富貴不淫、貧賤不移、威武不屈」

     他只會聽見景春曰：「公孫衍、張儀豈不誠大丈夫哉？

                         一怒而諸侯懼；安居而天下熄。」


     女兒都死了，司機你已沒有女兒，醒了。

--
※ 發信站: 批踢踢實業坊(ptt.cc), 來自: 36.224.125.236 (臺灣)
※ 文章網址: https://www.ptt.cc/bbs/movie/M.1603223279.A.C60.html
"
Jay1 (哈哈鬼),movie,[問片] 求一個關於抽籤的電影片段,Wed Oct 21 07:44:21 2020,6,"
劇情應該是幾個人抽籤要選出一個倒楣鬼
誰的籤最短就中標
而第一個抽的人以為自己的籤很長很得意
沒想到後面的每支都比他長

應該是部老港片
但年紀大了怎麼想都想不起來
學校教學所需
麻煩電影版大們幫忙解個惑
感恩

--
※ 發信站: 批踢踢實業坊(ptt.cc), 來自: 203.72.178.252 (臺灣)
※ 文章網址: https://www.ptt.cc/bbs/movie/M.1603237463.A.5A7.html
"
laiyuhao (0.0\),movie,Re: [新聞] 《神力女超人2》能如期上映？導演沒信心,Wed Oct 21 08:29:14 2020,-15,"
再繼續挺中國啊

死左膠

垃圾民主黨蝦挺黑人同性戀

現在因為支那病毒沒錢賺

爽

小英總統萬歲!!!支持無限連任!!!台灣國史上最偉大總統!!!



我登入三千次，我看沒人比我多吧
--
※ 發信站: 批踢踢實業坊(ptt.cc), 來自: 110.30.7.35 (臺灣)
※ 文章網址: https://www.ptt.cc/bbs/movie/M.1603240156.A.AE4.html
※ 編輯: laiyuhao (110.30.7.35 臺灣), 10/21/2020 08:30:04
"
kylefan (柚子),movie,[討論] 玩命關頭將在第11集完結,Wed Oct 21 09:10:12 2020,45,"
根據THR報導，玩命關頭10和11將由林詣彬執導，並將是本傳電影（core movies）的完結篇
。

林詣彬曾執導《玩命關頭3：東京甩尾》、《玩命關頭4》、《玩命關頭5》、《玩命關頭6》
以及原定今年上映卻遭延後的《玩命關頭9》。

馮迪索以及原班底預計將持續主演最後這幾集。

即便如此，玩命關頭宇宙仍有多部外傳籌劃中，其中包含《玩命關頭：特別行動》續集和一
部以女性角色為主角的外傳等等。

玩命關頭系列，包含外傳，從2001年以來在全球賺進了58.9億美金，其中2017年的本傳最新
作《玩命關頭8》賺了12.3億美金。

https://www.hollywoodreporter.com/heat-vision/justin-lin-to-direct-final-two-fas
t-furious-movies

--
※ 發信站: 批踢踢實業坊(ptt.cc), 來自: 49.216.205.103 (臺灣)
※ 文章網址: https://www.ptt.cc/bbs/movie/M.1603242614.A.846.html
"
a66880022 (the punk),movie,[ 好雷]  鬼滅之刃觀影心得 （無雷）,Wed Oct 21 09:46:09 2020,33,"
前言：
本來今天要去看天能的結果睡過頭只好看鬼滅之刃。
之所以會挑昨天去看是因為日本看電影非會員日的話一般票要1800日圓 會員日的話只要1
400日圓。
雖然看的是平時下午3點左右的電影卻是坐滿滿真的蠻驚訝的 雖然目前日本電影院只能空
一個位置坐不能連在一起坐。

以下為電影心得

可能是電影版的關係所以覺得畫面比動畫版好很多
音樂的地方也是配合的恰到好處 很多日本人看到哭
動畫裡炭治郎の歌好像有重新編曲過 聽起來蠻舒服的 整部搞笑的地方蠻少的 大部分的
場景都蠻感傷的 看完之後真的想去旁邊的bookoff把鬼滅全冊買回家。
而且這次入場的時候還送了一本小漫畫
https://i.imgur.com/LLRvcgS.jpg


補充
這次觀影的都是2x歲左右或是以上的日本觀眾
沒看到半位小朋友入場 也有可能那個時間大家還在上課的關係 不過在日本鬼滅可不是只
有在小朋友圈很紅 大人們也是很瘋 不論是去超市買東西或是 圈看水族館等等的地方 都
能看到鬼滅的商品或是展覽

希望台灣上映後大家也能多多支持 謝謝各位觀看

--
※ 發信站: 批踢踢實業坊(ptt.cc), 來自: 126.33.19.121 (日本)
※ 文章網址: https://www.ptt.cc/bbs/movie/M.1603244771.A.90D.html
"
f1935tpl (三民李連杰),movie,[經典好雷] 成龍 經典電影回顧《神話》,Wed Oct 21 11:15:42 2020,13,"
三民李連杰今天繼續推介成龍大哥的經典電影《神話》

導演是唐季禮

成龍、金喜善、梁家輝等人主演

算是一部現代與古代時空交錯的神話愛情動作電影

講述成龍飾演的將軍與金喜善飾演的公主

兩人之間那一段橫跨千年的刻骨銘心的愛情


也算是成龍一次特殊的嘗試

也是成龍電影當中少數出現時空交錯與神話背景設定的電影

因為一般來說

成龍主要還是走寫實社會風格

看看他以前演的電影  大多都是飾演警察/臥底/社會人士等等真實的背景設定

畢竟一個以特技動作起家聞名的成龍  追求的挑戰人類力量限度內的極限特技動作

像是警察故事裡從百貨高樓抱著電燈柱子滑下

或是A計畫裡面從鐘樓頂樓撞破2層布簾再摔落地面

就是要讓觀眾感受到最真實極限特技動作

讓觀眾連在銀幕前都能感受到演員的每一拳每一腳與每滴汗每滴血

然而

在神話裡

成龍電影裡

出現了可以飄浮在空中/沒有了地心引力/可以穿越時空等等較為天馬行空的背景設定

這讓看習慣成龍以前電影的影迷來說

也算是全新的體驗

但當然就比較沒有那種拳腳打在身上與滴汗噴血的真實感了


總而言之

很好看

很感人

非常讚

這部電影依舊是成龍的經典電影之作


神話主題曲 - 無盡的愛

由成龍與金喜善一起演唱

成龍唱國語

金喜善唱韓語

很好聽

很感人

https://youtu.be/BxmtNCoQNNI

成龍：
解開我 最神秘的等待
星星墜落 風在吹動
終於再將你擁入懷中
兩顆心顫抖
相信我 不變的真心
千年等待 有我承諾
無論經過多少的寒冬
我決不放手

金喜善：
現在緊抓住我的手 閉上眼睛
請你回想起過去我們戀愛的日子
我們是因為太愛
所以更使得我們痛苦
我們連""愛你""這句話都無法講

成龍:
每一夜 被心痛穿越
思念永沒有終點
早習慣了孤獨像隨
我微笑面對
相信我 我選擇等待
再多苦痛也不閃躲
只有你的溫柔能解救
無邊的冷漠

金喜善：
現在緊抓住我的手 閉上眼睛
請你回想起過去我們戀愛的日子
我們是因為太愛
所以更使得我們痛苦
我們連""愛你""這句話都無法講

合唱：
讓愛成為你我心中
那永遠盛開的花
穿越時空絕不低頭 永不放棄的夢
我們是因為太愛
所以更使得我們痛苦
我們連""愛你""這句話都無法講
讓愛成為你我心中
那永遠盛開的花
我們千萬不要忘記 我們的約定
唯有真愛追隨你我
穿越無盡時空
我們連愛你這句話都無法講

成龍：
愛是心中唯一不變美麗的神話



沒錯

誠如成龍最後一句歌詞

愛是唯一不變的美麗神話

電影也是唯一不變的偉大產業


一個熱愛電影的人

其熱愛電影的真心與評論電影的熱情

也絕對會在字裡行間不證自明


三民李連杰告辭

謝謝

--
高雄三民李連杰
顧名思義來自高雄三民
偶像是功夫皇帝李連杰
可能是從小看李連杰的電影看久
耳濡目染之下長大後也變得像李連杰一樣帥氣
常被高雄三民的單身少女少婦誤認為李連杰本人

--
※ 發信站: 批踢踢實業坊(ptt.cc), 來自: 111.248.115.196 (臺灣)
※ 文章網址: https://www.ptt.cc/bbs/movie/M.1603250148.A.EDE.html
"
CYKONGG (XXX),movie,[新聞] 《金剛戰士》證實重啟電影+全新影集,Wed Oct 21 11:57:03 2020,32,"
《金剛戰士》重啟電影+全新影集

https://i.imgur.com/6cwe7n8.jpg

自2017年推出超級英雄電影《金剛戰士》在票房上慘遭滑鐵盧之後，外界就一直傳出孩之
寶打算重啟這部作品，如今這個好消息也終於被證實了。

https://i.imgur.com/jcenqeD.jpg

根據THR最新報導， 身兼Netflix兩部叫好叫座厭世青春影集「去X的世界末日」與「這樣
不OK」主創/導演/編劇三職的英國人氣導演喬納森恩特維斯特，將會主導重啟版電影以及
系列影集的改編發展過程。

https://i.imgur.com/dDMcvKM.jpg

報導中同時指出，在恩特維斯特確定加入之後，整個電影重啟計畫也有了大幅度轉變；不
僅接力發展重啟版大銀幕作品，這位人氣編導還會替電影公司構建出連結大、小銀幕的全
新《金剛戰士》影視宇宙。

https://i.imgur.com/BOC2CGA.jpg

近日，eOne's電影公司總裁尼克梅爾以及全球電視總裁邁可隆巴杜發表了一份共同聲明。
聲明中表示：「針對這個獲得高度成功的經典系列，喬納森有著令人難以置信且富創造性
的遠見。並且，在我們重新構思此系列的電影與電視宇宙之際，這位最合適的人才加入了
我們的行列。」

https://i.imgur.com/9KWpDxK.jpg

2017年上映的《金剛戰士》，製作成本1億美金，全球票房卻只有1.42億美金，票房失利
使得電影公司不得不暫停發展系列電影的計畫。目前並不清楚參與演出重啟版電影的演員
群。



 https://reurl.cc/m9kgel

--
※ 發信站: 批踢踢實業坊(ptt.cc), 來自: 101.12.23.126 (臺灣)
※ 文章網址: https://www.ptt.cc/bbs/movie/M.1603252625.A.617.html
※ 編輯: CYKONGG (101.12.23.126 臺灣), 10/21/2020 12:00:57
"
ktou545 (修哥),movie,[情報] 樂搜搜片報 惡女 / 王牌辯士 / 人間失格,Wed Oct 21 13:46:37 2020,0,"
【樂搜搜片報】
惡女 / 王牌辯士 / 人間失格：太宰治與他的3個女人

這回分享的 16 部 iTunes 限時特價片，優惠至 10/23，裡頭有 12 部低價、
4 部中價。此外，倒有 5 部新片已開放租買，當中 2 部就蘋果、Google Play
 皆能找到，另 3 部則前者提供。

曾被詹姆斯岡恩列入居家隔離必看清單的低價片《惡女》，由鄭秉吉沿用得獎
作《殺人告白》的動作元素，邀請金玉彬扮演政府殺人機器，開場秀出以一擋
多的一鏡到底打鬥，也嶄露為生存弄髒雙手的無奈。

中價方面，榮獲 2020 日本電影學院獎多項提名的《王牌辯士》，強調辯士對
於日本默片輝煌時期的重要性，特別請來二位專業人士教成田凌等三人學開口
發聲到全戲院聽見，助於詮釋這行多元風格並存和競爭的風貌。

新出爐的《人間失格：太宰治與他的3個女人》經蜷川實花繼承《惡女花魁》
以來的艷麗色調，賦予宮澤理惠、二階堂富美個別跟演小說家太宰治的小栗旬
，催生的愛情滋味，呈現反差，並分別問鼎日本奧斯卡最佳女主角和女配角二
獎。

所以，各位要挑哪部來看呢？

==

<<超低特價>>

《惡女》
iTunes Store 購買連結
>> https://apple.co/2UEruhT

《人魚沉睡的家》
iTunes Store 購買連結
>> https://apple.co/2yCNcem

《去他X的放蕩青春》
iTunes Store 購買連結
>> https://apple.co/2vTCRsy

《國際市場：半世紀的諾言》
iTunes Store 購買連結
>> https://apple.co/2TLzIVd

《王牌計中計》
iTunes Store 購買連結
>> https://apple.co/2NMph0q

《牛奶配送員的魔幻人生》
iTunes Store 購買連結
>> https://apple.co/2SuhK9n

《蠟筆小新電影－宇宙人Pi力來襲！！》
iTunes Store 購買連結
>> https://apple.co/2T9MUSO

《婚姻風暴》
iTunes Store 購買連結
>> https://apple.co/3cpIBe3

《百元之戀》
iTunes Store 購買連結
>> https://apple.co/3cHS7dg

《大醫新鮮人》
iTunes Store 購買連結
>> https://apple.co/3auSwy0

《我的嘻哈我的家》
iTunes Store 購買連結
>> https://apple.co/38dMqlj

《企鵝寶貝2：極地的呼喚》
iTunes Store 購買連結
>> https://apple.co/31HYDOa

<<中階特價>>

《隱藏的大明星》
iTunes Store 購買連結
>> https://apple.co/387Yfsz

《我只是個計程車司機》
iTunes Store 購買連結
>> https://apple.co/38vri9y

《王牌辯士》
iTunes Store 購買連結
>> https://apple.co/3fBpnU6

《我們的家不是我們的家》
iTunes Store 購買連結
>> https://apple.co/2V3pujo

<<新片上架>>

《甜心大叔》
iTunes Store 購買連結
>> https://apple.co/3keAS6z

Google Play 購買連結
>> https://bit.ly/2IIYaDP

《人間失格：太宰治與他的3個女人》
iTunes Store 購買連結
>> https://apple.co/37jhmlN

Google Play 購買連結
>> https://bit.ly/358jYAo

《奪命隧道》
iTunes Store 獨家販售
>> https://apple.co/34IsBBk

《蜜蜂與遠雷》
iTunes Store 獨家販售
>> https://apple.co/3nnZITw

《熊熊大作戰》
iTunes Store 獨家販售
>> https://apple.co/2SItjZT

==

電影優惠樂搜搜粉絲團：
http://bit.ly/2NRZ8xB

--
※ 發信站: 批踢踢實業坊(ptt.cc), 來自: 1.172.89.68 (臺灣)
※ 文章網址: https://www.ptt.cc/bbs/movie/M.1603259214.A.382.html
"
Qoo302 (Qoo~),movie,[請益] 洪興十三妹 刀疤淇的問題,Wed Oct 21 14:23:34 2020,0,"
防雷

雖然已經10幾年的片了....





















十三妹提過

在砵蘭街問過很多人  都說對刀疤淇沒印象

自己也不確定是不是真的有認識過他  或是到底有沒有這個人

有人說刀疤淇是十三妹的第二個人格

但如果這樣的話  當初十三妹去砍豬哥的時候  若沒有刀疤淇  她如何能全身而退??

可是如果刀疤淇真有其人  以她以前紅牌的程度  應該不太可能有人不知道吧?

上網搜尋刀疤淇是十三妹的第二個人格  網路上好像沒有文章討論

大家怎麼看?

--
※ 發信站: 批踢踢實業坊(ptt.cc), 來自: 123.51.219.113 (臺灣)
※ 文章網址: https://www.ptt.cc/bbs/movie/M.1603261416.A.95D.html
"
AACKball (阿姨洗碟錄),movie,[普雷] 無聲,Wed Oct 21 14:30:26 2020,0,"
雷文防雷資訊頁



~*-*~*-*~*-*~*-*~*-*~*-*~*-*~*-*~*-*~*-*~*-*~*-*~



~~~~~~~~~~~~~~~~~~~ 雷文 主文分隔線 ~~~~~~~~~~~~~~~~~~~~~~~~~~~~~~~~~

看完印象最深的應該是玩的手語，可是陰影也會很深。

但也有一種難以言喻的感覺，拍了一部講述聽障生活的電影，結合校園暴力與黑幕，但是
整部片卻反而給人一種強調「他們不一樣」的印象，不確定這對於了解聽障有沒有幫助。
看的時候會憤怒、哀傷、同情，會覺得自己應該要多注意他們，多幫他們一把，但這樣的
心態其實不一定是好的，有時候對障礙者來說，他們只是希望外人能把他們當成普通人。

換一個例子來試著想想，很多人嘴上說尊重女生，支持女權，但實際上的作為是：「我支
持啊，阿都已經支持妳們了，妳們還要怎樣？」這種「妳們的權益是我給妳們」的心態。
或許就是類似這種姿態，造成我在看這部電影時的不舒服感吧。

由貝貝的周遭環境與日常生活出發，能深刻感受到一個社會邊緣人的掙扎，以及即使同溫
層有毒，但我還是寧願待在裡面的矛盾感。更加上來自爺爺奶奶隱藏在關懷下的歧視，以
及張誠媽媽不斷的想要爸爸帶走兒子，種種將小孩視為拖油瓶的行為，的確會令人更感受
到長輩的無奈、無知，也點出了障礙者連家人都很難理解的困境，但這更進一步地強調了
他們的「邊緣」。甚至被車撞、擋在路中間被罵、進了電影院被歧視，想逃，不斷的在加
深「他們不一樣」的印象。但現今社會，應該已經可以往前走了，不再只是告訴我們，他
們不一樣。

而故事主軸是單純的。一層一層的黑幕，邪惡的背後還有更巨大的邪惡與扭曲價值觀，最
後終究回歸到「都是大人的疏忽與視而不見」。或許受限於這改編自真實事件吧？不然覺
得主軸應該可以更豐富一點。

但是王老師跟小光的演技非常優秀，尤其是天台那一幕，是我覺得電影最精彩的一段。看
著小光從扭曲的仇恨到懷疑自我的崩潰，不需要用言語說台詞，他用全身在演這段台詞；
還有王老師在一旁看著，卻深刻感受自己的無能為力，讓觀影的我感同身受。

電影最後或許也在傳達，也許雨過會天晴，但也還是會有下一個雨天吧。雖然坐我後排的
觀眾在片尾曲一響起就：「幹，在演什麼鬼啊？」走出影廳的路上背後的人說：「阿最後
那段是什麼意思？」

至於我，看完電影第一時間是查「何仙姑」。但看到導演說那就是貝貝的精神支柱，對於
原本以為有甚麼特殊寓意的我，感到那麼一絲絲的失望。

--
        你是好人....               ﹒            (泣~~....)

 ~●~                              ﹑‵〝  ︿●
 /△\                            ’          /﹀
  ║                                      ﹀ 〉

--
※ 發信站: 批踢踢實業坊(ptt.cc), 來自: 42.77.85.178 (臺灣)
※ 文章網址: https://www.ptt.cc/bbs/movie/M.1603261829.A.4D7.html
"
chirex (請叫我大魔道士),movie,Re: [新聞] 《金剛戰士》證實重啟電影+全新影集,Wed Oct 21 14:31:49 2020,3,"
※ 引述《CYKONGG (XXX)》之銘言：
: 《金剛戰士》重啟電影+全新影集
: https://i.imgur.com/6cwe7n8.jpg
: 自2017年推出超級英雄電影《金剛戰士》在票房上慘遭滑鐵盧之後，外界就一直傳出孩之
: 寶打算重啟這部作品，如今這個好消息也終於被證實了。
: https://i.imgur.com/jcenqeD.jpg
: 根據THR最新報導， 身兼Netflix兩部叫好叫座厭世青春影集「去X的世界末日」與「這樣
: 不OK」主創/導演/編劇三職的英國人氣導演喬納森恩特維斯特，將會主導重啟版電影以及
: 系列影集的改編發展過程。
: https://i.imgur.com/dDMcvKM.jpg
: 報導中同時指出，在恩特維斯特確定加入之後，整個電影重啟計畫也有了大幅度轉變；不
: 僅接力發展重啟版大銀幕作品，這位人氣編導還會替電影公司構建出連結大、小銀幕的全
: 新《金剛戰士》影視宇宙。
: https://i.imgur.com/BOC2CGA.jpg
: 近日，eOne's電影公司總裁尼克梅爾以及全球電視總裁邁可隆巴杜發表了一份共同聲明。
: 聲明中表示：「針對這個獲得高度成功的經典系列，喬納森有著令人難以置信且富創造性
: 的遠見。並且，在我們重新構思此系列的電影與電視宇宙之際，這位最合適的人才加入了
: 我們的行列。」
: https://i.imgur.com/9KWpDxK.jpg
: 2017年上映的《金剛戰士》，製作成本1億美金，全球票房卻只有1.42億美金，票房失利
: 使得電影公司不得不暫停發展系列電影的計畫。目前並不清楚參與演出重啟版電影的演員
: 群。
:  https://reurl.cc/m9kgel

其實電影劇情本身不難看，

問題出在機設跟戰鬥場景，

能比東映戰隊每年一部的大拜拜電影版打得還難看，

真的也不簡單。

連美國人看了都在哀嚎了。

還不如直接請日本人幫忙機設，然後作皮套也比那些假到不行，

廉價塑膠感的戰衣跟機器人強多了。


這種作品就是要讓觀眾覺得主角變身後好帥，

好威、好強就行了。

至於什麼劇情就先放一旁。

東映玩了幾十年了，深知道這種年番作品，

就是大型的玩具商置入性廣告。

劇情再好看，機設醜，主角不夠帥，

小孩子(金主)不買單，一樣沒用。


說真的，新版金剛戰士的男女主角顏值都還不錯，

演技也沒到令人尷尬，票房不好，評價差，

完全跟演員無關。

--
※ 發信站: 批踢踢實業坊(ptt.cc), 來自: 59.125.46.247 (臺灣)
※ 文章網址: https://www.ptt.cc/bbs/movie/M.1603261912.A.BB9.html
"
lanzong (嵐藍蒼),movie,[普雷] 奪命守門人之誰的豬隊友多,Wed Oct 21 14:54:03 2020,0,"
雷文防雷資訊頁



~*-*~*-*~*-*~*-*~*-*~*-*~*-*~*-*~*-*~*-*~*-*~*-*~
在無聲跟本片二選一的時候，因為想無腦看個動作片就選本片了。


~~~~~~~~~~~~~~~~~~~ 雷文 主文分隔線 ~~~~~~~~~~~~~~~~~~~~~~~~~~~~~~~~~






劇情:預告片已將整片劇情交代，尚雷諾帶人整修中的公寓要找價值連城的畫作。
動作:反派當中只有肌肉擔當的守門前輩能打，其他雜魚就是雜魚。
笑點:在逼問畫作藏在哪邊的時候，拿刀捅老人的片段讓我不禁想起循利寧的廣告。
女權:一群NYPD在電梯門口被秒殺那幕實在是太女權了。

反派豬隊友:
一、守門前輩只把女主角舅舅打暈而已沒確實殺死，雷到自己。
二、雜魚們只把地下室通訊箱搗毀，火災警報系統卻只有剪開，後續讓主角方接回使用。
三、假警察帶女主角去樓頂水塔接水的時候，為什麼拿槍要貼那麼近?(很多動作片的通病)
四、尚雷諾都知道這位教授很了解藝術的價值了，還跟他越聊越開心，
結果教授爆料畫作的價值，讓自己被黑吃黑。
五、守門前輩在得知畫作價值後一直貪心要越拿越多，把自己人一個一個BANG掉，
不斷拿手榴彈威脅，結果最後手榴彈把自己也BANG掉了。

主角方豬隊友:
一、男屁孩每次敵明我暗的時候都要弄出大聲響，好像巴不得別人快來殺我一樣。
二、女屁孩不知道是天真還是無知，哪來的勇氣跟反派嗆聲?

總結:比的不是己方多強，是看對方一直自爆就贏了。















--
※ 發信站: 批踢踢實業坊(ptt.cc), 來自: 114.35.156.242 (臺灣)
※ 文章網址: https://www.ptt.cc/bbs/movie/M.1603263245.A.144.html
"
lgng66133 (Mad Fer It！),movie,[情報] 近期院線預計重映片單,Wed May 13 15:44:52 2020,114,"

因為疫情關係許多片都紛紛延期

導致各片商只能推出舊片重映

這邊整理了我目前知道預計排映的檔期 但不一定會全台排映喔

到時確定有上映後還是請各位要再去查看哪裡會排映



9月11日
《中央車站》《教會》

9月18日
《鋼琴師》《啊，荒野》

9月26日
《羅生門》

9月30日
《剪刀手愛德華》


10月8日
《星際效應》

10月16日
《男人的一半還是男人》

10月23日
【寧靜的長河 2020賈樟柯原鄉影展】
《小武》[經典數位修復版]、《江湖兒女》、《天注定》、《山河故人》

《霜花店：朕的男人》

10月30日
【阿莫多瓦 愛 ．慾．罪 經典數位修復 】
《破碎的擁抱》、《玩美女人》、《壞教慾》、《悄悄告訴她》、《高跟鞋》


11月6日
《綠洲》

11月20日
《惡童當街》


12月預計
《齊瓦哥醫生》


2021年初預計
《魔戒三部曲》

--

--
※ 發信站: 批踢踢實業坊(ptt.cc), 來自: 60.248.124.155 (臺灣)
※ 文章網址: https://www.ptt.cc/bbs/movie/M.1589355894.A.CDD.html
烈火情人和里斯本故事都是甲上的
會喔 Catchplay這次會排映王家衛系列的修復版
打頭陣的是東邪西毒 其他的再等片商公布嘍
個人是建議私訊片商 越多人問機會越高
已更新 也感謝補充
※ 編輯: lgng66133 (203.163.205.230 臺灣), 09/25/2020 22:41:32
"
nice666 (^^),movie,[新聞]裸男校園狂奔 與田祐希超胸反擊 碧藍之海,Tue Oct 20 17:42:22 2020,2,"
新聞網址：https://movie.yam.com/Ent/Article/20201020808024

裸男校園狂奔 與田祐希超胸反擊　小倉優香露肉搶鏡 《碧藍之海劇場版》榮獲日本大學
生電影滿意排行榜NO.1


日本女團乃木?46年僅19歲的成員與田祐希，擔綱女主角的真人電影《碧藍之海劇場版》
，故事講述大學生在潛水社團瘋狂又搞笑的校園生活。片中男主角們肉光四射，龍星涼與
犬飼貴丈賣肉露股演出，泳衣女王-小倉優香也不顧形象只穿內衣上陣，豐滿上圍包不住
；與田祐希則是大翻白眼，崩壞指數破表。電影在日本上映後，奔放毫無節制的表現，讓
與田祐希增加許多粉絲愛戴追蹤，更榮獲日本大學生電影滿意度排行榜NO.1！

與田祐希之前曾為電視節目【乃木?工事中】尋找象徵幸運的海龜，順利取得初級水肺潛
水的執照，非常貼近劇中女主角-千紗的人物設定，她本人也相當喜歡千紗強勢的個性，
「千紗絕對不會輸給那些看起來很不妙的男人們！」但《碧藍之海》是個連原作者都覺得
很母湯的作品，與田祐希經紀人更發新聞稿聲明「真的很對不起我家藝人和粉絲們，對自
己家的藝人和乃木?46的粉絲致上最深的歉意！」

此外，與田祐希推出的第二本個人寫真集<沉默的時間>，成功拿下今年度日本銷售冠軍，
出貨量達18萬本，足見目前當紅魅力。

《碧藍之海劇場版》作品描述主角北原伊織在升上大學後，寄宿在叔父所經營的潛水商店
「GRAND BLUE」，並且與表姐妹-奈奈華和千紗同住一個屋簷下生活。對青春大學新生活
充滿期待的他，被大學潛水社團「Peek a Boo」盯上，連熱愛二次元世界的友人今村耕平
也一起被扯進來，於是展開了一段結合潛水、裸體、酒精、打鬧、妄想、戀愛的荒謬大學
生活。看著青春肉體奮力全裸演出，肯定要進大螢幕體驗才夠爽快！《碧藍之海劇場版》
將於本周五，2020年10月23日全台熱血上映。

https://imgur.com/nxY0zAR

------------------

碧藍之海要上映惹!
裸男校園狂奔這畫面...
小倉優香太正點啦，這比基尼裝我可以
嗚嗚我也好想去潛水




--
※ 發信站: 批踢踢實業坊(ptt.cc), 來自: 1.161.15.49 (臺灣)
※ 文章網址: https://www.ptt.cc/bbs/movie/M.1603186944.A.C5A.html
※ 編輯: nice666 (1.161.15.49 臺灣), 10/20/2020 17:45:39
※ 編輯: nice666 (1.161.15.49 臺灣), 10/20/2020 18:00:22
"
forever920fv (One),movie,[大好雷]無聲，沒有發聲，那就還會發生,Tue Oct 20 18:07:19 2020,8,"

雷文防雷資訊頁
--以下微雷，但看完再看電影應該還ok


無聲，一直被稱作台版熔爐，實際看下來，題材相似，但要談論的議題和論點並不相同，
電影取材自09-11年發生在台南啟聰學校的霸凌和性侵醜聞(後來追查最早發生在2005年)
，先分類談一下幾個最喜歡的部分也最推薦的原因


驚艷的聲音設計
緊扣著無聲這個主題，可以明顯感覺到戴上助聽器時和沒有助聽器時帶給我們的不同，它
取消了聲音的方向性，模糊了人聲的處理，卻在環境音和音效上面放大，讓這些我們習以
為常的聲音，反而在沉默安靜的環境和劇情裡，帶來張力和震撼，包括帶來緊張感的呼吸
聲、悲傷的水聲、倉皇的腳步聲、懸疑的門聲等等，它讓每個音效具有生命力的感染整個
環境，推動著劇情，沒有多餘的配樂，卻在這部相對沉默的電影裡，感覺不到死寂，我不
確定音效放大這件事是否和聾人對這些非人聲的敏感度更高有關係，但可以感覺到電影不
斷想讓我們體會聾人聽感的心思。

學生群的演技
先說，我滿喜歡劉冠廷，特別是陽光普照裡的劉冠廷，但這部的劉冠廷，並沒有讓我感覺
到老師的無力，沒有感覺到真正進入這個角色，當然可能是劇情的安排，導演的選擇，或
者剪接剪掉了他發揮的部分，而學生群的演技卻意外的亮眼。

小光
小光的演技完全值得拿下一座獎，雖然訪談中導演透露，剪掉最多小光鋪陳的戲分，但仍
然有限的片段裡能真實感受到小光這個角色，特別是天台那場大爆發，我確實被震撼到了
，訪談中導演說，包括她本人，連對戲的劉冠廷都被嚇到了，因為他排演時完全不是這個
程度，正式演出卻投了一筆震撼彈。

貝貝
雖然我不是很理解貝貝出場，在派對裡好像吸毒一般的迷茫是怎麼回事，但不愧是被戲稱
為行走中的水龍頭的貝貝，她每一場哭戲都能讓人忘了她在演戲，發自內心的心疼。

張誠
雖然沒有驚艷到覺得他沒入圍金馬獎很可惜，但至少證明了自己是個有實麗的星二代，他
的手語，都讓我感覺到，他好像真的在說話，但，你爸真的是劉亮佐，不是黃鐙輝嗎(?)



~~~~~~~~~~~~~~~~~~~ 雷文 分隔線 ~~~~~~~~~~~~~~~~~~~~~~~~~~~~~~~~~

----以下大雷，還沒看的不用往下

再來想談到劇情設計上


比起這裡，外面的世界更可怕。


貝貝學憋氣，有好幾場戲是貝貝和張誠在游泳池，游泳池像是她喜歡的啟聰學校，而憋氣
代表著忍耐，為什麼多荒唐的遭遇，貝貝都想要回去

跟熔爐最不一樣的是，電影拍出了比起這裡，外面的世界更可怕，聾人的無奈、無力，都
來自於無聲。

吐槽一下，但電影院的安排我覺得偏尬，應該可以有更貼近現實的寫法，在被誤會卻無法
解釋的情況下。


我們不是壞人


它不是一個會讓你解氣的結局，它讓我們旁觀了這件事，一切，沒有得到真正的解答，沒
有人是純粹的壞人，也沒有人得到絕對的下場，這一切，沒有告訴你，它落幕了，甚至結
尾留一個寶弟拿起外套做為懸念。

投射到真實事件上，事情仍然沒有真正的解決，彈劾了16個教職人員，然後呢？
過了十年，法案仍在推動階段，媒體從來沒有大肆的報導這件事情，大眾也從未普及的認
知到這件事的嚴重性，現實沒有得到解氣，電影也沒有讓看完沉重的你，得到解氣。

當時的加害人甚至在少年監護所裡怨懟，為什麼對我下手的哥哥姐姐們，沒有得到相同的
處罰，為什麼他們讓我們覺得這一切是正常的，而只有我們要得到糾正。


跟他們一樣欺負我，你就不會被欺負了


這是最心疼貝貝的一句話，也是這部電影不斷在呈現的，共犯結構下產生的染色過程，包
括張誠為了保護貝貝，也對寶弟做了錯事

就算他是被逼的，他還是做了

真實事件中，也確實每個加害人都曾經是被害人，最小的受害者，還只有小學二年級，包
括貝貝得知張誠對寶弟做的事後，去找密醫，也是影射現實中當時有人為了有個啟聰學校
能收留他們的小孩，寧願帶小孩去拿掉子宮，也要送他們進去，而這竟然只是十年前的新
聞。


最後兩點比較有疑問的


他們不敢動我

劇情並沒有說明為什麼大家聽命小光，只有在這句話後，下一顆鏡頭帶到遠景小光父母和
校長談話，大概小光父母是什麼有力人士，根據導演說小光被剪掉很多鋪陳戲分的說法，
這部分可能也被剪掉了。

何仙姑的意義

我能體會身體不好讓八仙收乾女兒，所以畫八仙過海，所以喜歡看戲，八仙中只有何仙姑
是女生，投射於自己也是跟一群男生""一起玩""，也總是笑著面對這一切，說何仙姑給她安
定的力量，甚至在第一次被強暴時看見何仙姑，我都還算能接受。

但張誠被撞，也看到何仙姑我就...無法理解啦...

------

總結來說這部電影有太多可以講的角度，不同的人看可能會因為不同的視角而有不同的感
受，大家來時的路不同，看到的風景也不相同，但我很喜歡電影系學長為這部電影發的一
段註解

它不是用議題包裝的社會電影或文藝電影，不會是那種你們看完常說""阿那些都是你們這
些讀電影或看很多電影的人才會喜歡的啦，我們根本看不懂，不覺得好看的電影""

它是讓各形各色的人看完都能有深刻體會的電影，說真的，剛看完心裡除了沉重和衝擊，
是沒有太多想法的，問我好看不好看，也回答不出來的

但經過兩三天的回想和沉思，才會慢慢去咀嚼出電影中每個重要的片段，現在我可以很肯
定的說，無聲，真的很推薦，很好看。




--
※ 發信站: 批踢踢實業坊(ptt.cc), 來自: 36.226.35.9 (臺灣)
※ 文章網址: https://www.ptt.cc/bbs/movie/M.1603188443.A.407.html
※ 編輯: forever920fv (36.226.35.9 臺灣), 10/20/2020 18:09:31

陳""姸""霏，我老婆，請正名

※ 編輯: forever920fv (36.226.35.9 臺灣), 10/20/2020 18:24:36
※ 編輯: forever920fv (36.226.35.9 臺灣), 10/20/2020 18:45:12
"
moneybuy (),movie,[請益] 刻在你心底的名字 兩個男主角,Tue Oct 20 18:22:30 2020,56,"

有雷
























為什麼兩個男主角
在劇中
一直有兩個人在睡覺的畫面
白天睡覺 在阿漢家睡覺 在火車上睡覺 在mtv睡覺 在騎樓也在睡(去台北那時候)
比起很多電影
真的睡了很多次
很多刷的人記得幾次嗎
印象中在阿漢家2次
火車上3次以上
mtv1次
騎樓1次
有甚麼特別的意義嗎?

--
※ 發信站: 批踢踢實業坊(ptt.cc), 來自: 114.46.55.7 (臺灣)
※ 文章網址: https://www.ptt.cc/bbs/movie/M.1603189353.A.DE0.html
"
qpr322 (龍魚),movie,[新聞] 平遙官方回應賈樟柯退出平遙影展：「和誰都沒溝通」,Tue Oct 20 18:47:33 2020,8,"
新聞網址：http://news.mtime.com/2020/10/20/1604414.html

日前，“平遙國際電影展”的創始人賈樟柯宣布自己的團隊將不再參與舉辦明年的影展，
而是交給平遙政府來辦。一時間，賈樟柯退出的原因眾說紛紜。

平遙縣委宣傳部接受《中國慈善家》採訪時回應：“他（賈樟柯）自己自以為是地宣布（
退出）了，和誰也沒有溝通，省、市、縣里都不知道。我們政府一貫的態度都是市場運作
、公司主辦，我們是支持人家辦的。”

賈樟柯是在10月18日晚宣布退出的，當時他說：“可能今年是我們這個團隊做的最後一屆
平遙國際電影展，我們沒有花政府一分錢，全部是社會的資本，我們已經把這個品牌打造
好了。”

之後，賈樟柯的妻子、演員趙濤發微博告別平遙影展，“再見平遙影展！賈導再也不用為
影展求人了，也終於可以睡覺了，我還挺開心的！”



--
※ 發信站: 批踢踢實業坊(ptt.cc), 來自: 123.194.103.31 (臺灣)
※ 文章網址: https://www.ptt.cc/bbs/movie/M.1603190856.A.459.html
"
vicke (らんせんせん),movie,[好雷] 無聲：你們怎麼現在才來？ ,Tue Oct 20 19:09:33 2020,27,"
雷文防雷資訊頁

滿篇的雷～～～




~*-*~*-*~*-*~*-*~*-*~*-*~*-*~*-*~*-*~*-*~*-*~*-*~





~~~~~~~~~~~~~~~~~~~ 雷文 主文分隔線 ~~~~~~~~~~~~~~~~~~~~~~~~~~~~~~~~~

這部電影的後座力真的很強
我還沒二刷，腦袋裡卻不時浮現電影裡的一些片段
我想談談寶弟這個角色
就是在電影結尾處，冷眼看著貝貝、張誠他們在校車上蹦蹦跳跳一派歡愉
然後拿著外套斜眼看向一旁睡得不省人事的另一位學生
的那個寶弟（aka小光2.0候選人）

寶弟在片中的鏡頭多是一臉憤恨的神情
結尾往前推一些
當張誠被迫欺凌寶弟的影片被師長們看到
貝貝跑去追問寶弟影片是怎麼回事、要寶弟去跟大人們解釋時
寶弟恨恨地說了一句：「不管怎麼樣，他（張誠）就是做了啊！」

在這更往前推一點
王大軍跟校外的委員約談寶弟時
寶弟目光如刀、瞪視著他們
雙手用力揮舞、問了一句：「你們為什麼這麼晚才來？！」

你們為什麼現在才來？

約莫兩年前吧
我因緣際會，進到一所學校去幫一位聽障生做課堂翻譯
那個學生跟張誠剛好相反，是從啟聰學校轉到一般聽人學校
姑且先稱這位學生為Ａ吧
Ａ聰明伶俐，又喜歡閱讀，在啟聰學校成績很好
老師們覺得他待在啟聰學校太浪費了
加上家長的支持
就把Ａ轉到一般學校就讀
但是Ａ很不願意，轉到一般學校後非常的不適應
在啟聰學校名列前茅的成績
到了一般學校是一落千丈
不僅僅是雞首牛後的差別而已
Ａ受到的打擊不小，整個人顯得十分低落
後來學校的輔導老師決定幫Ａ找手語翻譯來
經過一連串的申請、鑑定、評估等種種行政程序
等我進到學校幫Ａ翻譯時，已經都學期中過了

我對Ａ的印象是個聰明活潑的小孩
因為喜歡閱讀，所以寫作跟閱讀能力也比一般聽障生好上不少
可是即便聰慧如Ａ，在上課時也是無精打采，沒什麼學習意願

在這邊簡單交代一下背景知識
一般學校裡的課堂手語翻譯服務其實很少，並不普遍
而且並不是每堂課都能有翻譯
政府教育局因為經費有限
沒辦法讓聽障學生有全時段的手語翻譯服務
我記得那時候一個禮拜35堂的課
只有12堂課能有翻譯吧
其他的23堂課Ａ只能靠自己努力去跟上

我幫Ａ翻譯過幾堂課後，Ａ開始展現出一些學習意願
很多他原本以為很複雜的東西
在經過翻譯後，他能理解了，然後發現其實一點都不難
這個情形在數學課特別明顯
Ａ的數學成績不好，主要障礙出現在他讀不懂題目
不是因為他中文不好，而是因為他不熟悉數學題目的寫法
（我到這個時候才意識到，數學題目的文字跟一般文章的寫法差很多）
經過手語翻譯、了解題意後，他就能很快地套用公式算出答案

有一次數學課，他提早寫完卷子，就跟我閒聊起來
這個時候他問了一句：「你們以前都在哪裡？」
我一時有點不太了解他的意思
他又說了：「你們為什麼這麼晚才來？如果你們早一點來，這些東西我早就學會了」

你們為什麼這麼晚才來？

Ａ那臉帶點委屈不滿的神情，其實跟寶弟好像。

後來Ａ在那學期結束後，又轉回啟聰學校去了
結束了他短短兩個多月的「聽人學校夏令營」
轉學之前，他告訴我他有點猶豫是不是要轉回啟聰
他隱約也察覺到，在一般學校可以學得比較多
但是，在啟聰學校，他比較快樂。

最後他回去啟聰學校，就跟貝貝一樣。


劇本的這些台詞如果不是萬分之一的巧合
那導演做的田野調查真的很扎實......
好多都似曾相識QQ


--
※ 發信站: 批踢踢實業坊(ptt.cc), 來自: 118.166.98.143 (臺灣)
※ 文章網址: https://www.ptt.cc/bbs/movie/M.1603192175.A.899.html
"
f1935tpl (三民李連杰),movie,[經典好雷] 成龍 經典電影回顧《城市獵人》,Tue Oct 20 19:29:55 2020,-26,"

一部電影拍得好不好看  就是用它呈現給觀眾的成品來評斷

導演/編劇/演員私底下放假時間講什麼做什麼  完全不可以牽扯到電影成品上面去

一個專業的觀影人或影評  熱愛電影的真心與評論電影的專業度會在字裡行間不證自明

反之

只會拿錢辦事的商業寫手與工讀生  終其一生都無法達到此等高度與成就

言盡於此

請所有人都客觀理性討論電影本身

謝謝



今天繼續介紹成龍的經典電影:《城市獵人》CITY HUNTER

https://youtu.be/xcFEZUAxgBc


《城市獵人》

是1993年上映的香港動作喜劇

也是成龍少數與王晶導演合作的電影


王晶導演的風格如何　

相信港片看多的朋友們都知道　就是好色下流的低級趣味

雖然下流低級  但受到很多人的喜愛

三民李連杰我也很喜歡看王晶導演的老港片　

王晶的電影很適合頭腦放空時看　總是看到笑到肚子痛


在這部電影裡

成龍也受王晶風格的影響

在電影中飾演武藝高強但老是用下半身思考的好色私家偵探－孟波

在電影中與王祖賢飾／邱淑貞／後藤久美子等一眾美女演員合作　更是讓孟波狂流鼻血

孟波身為私家偵探

受日本大老的委託　到香港幫忙找尋女兒

卻意外捲入了一起恐怖份子劫持郵輪的案件之中

最後孟波誤打誤撞

解決了恐怖份子

成了拯救全郵輪的大英雄


非常好笑

非常好色

非常下流

但也非常好看

這就是王晶＋成龍碰撞出來的奇異火花

難得看到這麼好色下流又低級趣味的成龍

也算是成龍經典電影中的一個特殊嘗試了


其實

孟波這個腳色

光看到與聽到這個名字

在香港粵語裡本來就有性暗示

波－在香港粵語裡經常用來暗示女性的大咪咪大胸部

又加上是王晶導演

成龍版的城市獵人　自然是下流好色到極點

連電影主題曲都是成龍親自獻唱的下流好色歌曲

城市獵人電影主題曲粤語版

https://youtu.be/ahAjqgEC35w

美女（HI）
偷心眼神在噴（Having Fun)
織出快樂迷陣（Yes)
迫我做城市獵人（Oh City Hunter)
美女(Hello)
Red Hot眼神在噴(Red Hot)
燒出美麗濃艷(ah o)
熔化掉城市獵人(Oh City Hunter)
每次見你(City Hunter)
我都想嗌命運命運(City Hunter)
我感覺得到靈魂靈魂  接近

美女(hi)
一眨眼人又近(Having Fun)
只好繼續做(ai)
狂放城市獵人(Oh City Hunter)
City Hunter
I am the city hunter
Everybody wants to be a city hunter
City hunter…

美女（HI）
偷心眼神在噴（Having Fun)
織出快樂迷陣（Yes)
迫我做城市獵人（Oh City Hunter)
美女(Hello)
Red Hot眼神在吻(Red Hot)
燒出美麗濃艷(ah o)
熔化掉城市獵人(Oh City Hunter)
每次見你(City Hunter)
我都想嗌命運命運(City Hunter)
我感覺得到靈魂靈魂  接近

美女(hi)
一眨眼人又近(Having Fun)
只好繼續做(ai)
狂放城市獵人(Oh City Hunter)


三民李連杰

上上一篇文介紹的《龍的心》是成龍與洪金寶嘗試走文藝感情元素路線

上一篇文則是介紹《奇蹟》則是成龍嘗試過將最多元素與路線置入並達到最全面的電影

這一篇文的《城市獵人》就是讓我們看到成龍與王晶一起大搞下流好色低級趣味的經典

真的是各有特色

成龍的每部經典電影都值得珍藏欣賞！


一個沒有欣賞看過成龍經典電影的人

不能稱為一個專業的觀影人或影評


三民李連杰非常建議所有人趕快去找成龍經典電影的二手VCD或DVD來珍藏

一窺國際巨星與我們台灣女婿:成龍的經典電影


三民李連杰告辭

謝謝


--
高雄三民李連杰
顧名思義來自高雄三民
偶像是功夫皇帝李連杰
可能是從小看李連杰的電影看久
耳濡目染之下長大後也變得像李連杰一樣帥氣
常被高雄三民的單身少女少婦誤認為李連杰本人
有點困擾


--
※ 發信站: 批踢踢實業坊(ptt.cc), 來自: 111.248.119.110 (臺灣)
※ 文章網址: https://www.ptt.cc/bbs/movie/M.1603193398.A.BC7.html

電影版如果無法接受任何人發表關於成龍電影的觀後心得文

就應該新定板規  明定哪些人的電影作品不可以討論

而不是這樣用留言式的網路霸凌來欺凌專業影評
※ 編輯: f1935tpl (111.248.119.110 臺灣), 10/20/2020 20:21:58
"
modem (),movie,[好雷] 無聲：一次精彩的改編,Tue Oct 20 19:54:39 2020,11,"

~~~~~~~~~~~~~~~~~~~ 雷文 主文分隔線 ~~~~~~~~~~~~~~~~~~~~~~~~~~~~~~~~~

終於看完《無聲》，是我今年迄今最喜歡的台灣電影！

這部作品改編自真實事件，講述啟聰學校發生的駭人聽聞的性侵事件。故事從轉學生張誠
進到這所學校開始，學校座落郊區，寧靜的氣氛、友善的老師，以及嬌小可愛，有著燦爛
笑容的同學貝貝。起初一切都很順利，直到他在校車上目睹貝貝被同學們性侵，首腦是學
長小光。令他驚訝的是，隔天貝貝竟若無其事和他們打球，張誠忍無可忍向老師揭發，才
發現原來不是單一個案，而是行之有年的「殘忍遊戲」，更可怕的是，事情沒有因此平息
，連他自己都受到波及。

#一場分不出好人壞人的黑暗遊戲

劇本非常精彩，情節安排得相當巧妙，從進入新世界、發現惡行、揭發、處理、轉折到結
尾，都處理得乾淨俐落，用兩三場戲就表現出聾人在聽人世界中的無助和危險，人物刻劃
也很細膩。站在貝貝的角度，啟聰學校是從幼稚園到高中待習慣的地方，是聾人的避風港
也是僅有的世界，加上家裡是經濟弱勢的隔代教養家庭，因此她寧願忍耐也不揭發，除了
不想讓阿公阿嬤擔心，也害怕到一般學校交不到朋友。

劇情後半段轉移到小光身上，防備心重的意見領袖，卻因為一通簡訊嚇得變臉。原來他從
小四開始就被美術老師性侵，對大人的信任完全瓦解，轉而將怒氣發洩在同學身上，開始
唆使其他人做同樣的事。而張誠原本以為告訴老師就能解決問題，卻發現自己太天真，於
是被迫遵守遊戲規則，在這個「一起玩」的遊戲中，加害者曾經是受害者，受害者也會轉
變成加害者。

即使有老師願意幫忙，也受制於想息事寧人的同事和校長，他們聽見了學生的求救卻束手
旁觀。就像《廢墟少年》中提到在安置機構被性侵的孩子，老師無法24小時跟在旁邊照看
，出事後有些機構擔心會影響捐款，選擇冷處理，受害者更怕受到二度傷害決定噤聲，形
成惡性循環。電影中，從頭到尾看到劉冠廷一個人疲於奔命，又要調查，又要跟校長溝通
，還要保護學生，就是最真實的寫照。

#那些無聲中的聲音

演員表現十分出色，劉子銓（張誠）、陳姸霏（貝貝）和 金玄彬（小光）這三個年輕演
員都讓人眼睛一亮，尤其小光的角色最為複雜，轉折也最大，金玄彬非常厲害，很成功牽
動觀眾的情緒。雖然片名是《無聲》，可是電影的聲音設計最讓我驚艷，環境聲音和效果
音運用得相當突出，學生們的台詞幾乎是手語傳達，但每一次發聲都痛徹心扉。

值得一提的還有場景選擇，導演拍很多校園的空景，用水的意象和陰暗的色調，塑造壓抑
沈重的氣氛。隨著故事推進，真的讓人覺得有一股怒氣無處宣洩，伴隨而來的是強大的無
力感和挫敗感。電影取材真實事件，透過處理抹平特定人事時地物，不只是保護當事人，
也把題材從個別案例上升到社會現象，是很成功的改編。

除了何仙姑兩場戲太過具象有點出戲，其他的表現都很精彩，覺得沒有入圍金馬獎最佳劇
情片實在可惜，推薦大家進戲院看這部電影。


—

追劇就要喝珍奶啊！
https://reurl.cc/EznOD1



--
※ 發信站: 批踢踢實業坊(ptt.cc), 來自: 111.83.114.74 (臺灣)
※ 文章網址: https://www.ptt.cc/bbs/movie/M.1603194881.A.1EB.html
"
torrest (torrest),movie,[討論] 寄生上流是紅在哪？,Tue Oct 20 21:31:35 2020,17,"

最近才開始看了這部得了一堆獎的電影

整體來說是還可以啦

只是主角砍人動機真是低落到不行

夫妻之間有點小情趣也沒什麼

躲在別人沙發底下結果自己看到在惱羞

幹盡些偷雞摸狗的事情

結果被評為小人物的悲歌是哪招

完全傻眼石虎

不知道有無人跟我想的一樣？

--
※ 發信站: 批踢踢實業坊(ptt.cc), 來自: 110.30.168.71 (臺灣)
※ 文章網址: https://www.ptt.cc/bbs/movie/M.1603200697.A.C76.html
"
hvariables (Speculative Male),movie,[新聞] 裘莉演完黑魔女 為孩子改當愛麗絲媽媽,Tue Oct 20 21:32:49 2020,5,"
https://stars.udn.com/star/story/10090/4950276

裘莉演完黑魔女 為孩子改當愛麗絲媽媽

https://uc.udn.com.tw/photo/2020/10/20/realtime/8794662.jpg
安琪莉娜裘莉(左)為「愛麗絲與夢幻島」獻精彩演出。圖／甲上提供

2020-10-20 18:50 聯合報 記者陳建嘉／即時報導

安琪莉娜裘莉繼「黑魔女」系列後又一力作「愛麗絲與夢幻島」將在11月12日搶先全美在
台灣上映，「愛麗絲與夢幻島」由曾以動畫電影「勇敢傳說」榮獲奧斯卡金像獎、金球獎
與英國電影學院獎最佳動畫片的導演布蘭達查普曼執導，集結安潔莉娜裘莉、大衛歐洛沃
與影帝米高肯恩同台飆戲，結合膾炙人口的童話故事「愛麗絲夢遊仙境」與「彼得潘：不
會長大的男孩」重新打造出一個充滿冒險、顛覆想像的動人故事。

現實中擁有六個兒女的安潔莉娜裘莉表示：「我竭盡全力在孩子們小時候陪伴他們，跟他
們一起開心玩耍，但我還是會有犯錯的時候，這是生命必然的經過。」在「愛麗絲與夢幻
島」中無論大人或小孩都面臨著不同的難題，但無窮無盡的想像力不僅把世界變得繽紛多
彩，更給了他們跨越高牆的勇氣，導演布蘭達查普曼表示：「這是個充滿生命喜悅又魔幻
的電影！」

「愛麗絲與夢幻島」講述著在愛麗絲跳進兔子洞和彼得潘飛往夢幻島之前的故事，曾以電
影「逐夢大道」獲得金球獎最佳男主角提名的大衛歐洛沃在片中飾演愛麗絲與彼得的父親
傑克，他坦言：「這劇本滿溢的想像力令我震撼不已！」因此他更一肩扛起製片的重任，
他透露讓安潔莉娜裘莉接演的契機正是來自於她的孩子們，他說：「我的孩子跟裘莉的小
孩是多年的玩伴，我跟裘莉幾年前在某個生日派對上認識，我們聊了很多在好萊塢兼顧家
庭與事業的話題，所以我一看到「愛麗絲與夢幻島」的劇本，就覺得她是飾演母親蘿絲的
不二人選。」而正如片中為愛麗絲與彼得培養豐富想像力與創造力的慈母一樣，安潔莉娜
裘莉在現實中也同樣重視孩子的思想教育，她說：「我一直告訴我的孩子們，他們的思想
比外貌更為重要，除了要隨時保持著仁慈之心，最重要的是要瞭解自己，讓自己的心智敏
銳堅強，還要有虛心求教的態度，這些都是決定他們成為什麼樣人的重要因素。」

https://uc.udn.com.tw/photo/2020/10/20/realtime/8794660.jpg
「愛麗絲與夢幻島」。圖／甲上提供

https://uc.udn.com.tw/photo/2020/10/20/realtime/8794661.jpg
「愛麗絲與夢幻島」。圖／甲上提供

--
佛沒說小乘、大乘。上座部佛教馬哈希尊者帝釋所問經講記77頁拆穿假佛法大乘的騙局。
上座部佛教明昆《南傳菩薩道》是真釋迦牟尼佛的菩薩成佛之道 大乘是假菩薩成佛之道
妙法蓮華經、華嚴經、心經、金剛經、梵網經(菩薩戒)、圓覺經、楞嚴經是大乘假佛經。
阿彌陀佛 藥師佛 大日如來是大乘假佛       觀世音 維摩詰 龍樹 地藏王是大乘假菩薩
https://www.ptt.cc/bbs/soul/M.1584460614.A.E88.html
上座部佛教目犍連子帝須和那先破偽經大乘十方諸佛

--
※ 發信站: 批踢踢實業坊(ptt.cc), 來自: 114.45.76.6 (臺灣)
※ 文章網址: https://www.ptt.cc/bbs/movie/M.1603200772.A.1B7.html
"
tecofilmlove (teco+film+love),movie,[影評] 《戀愛好好說》：煙火、白雪、暴風雨。,Tue Oct 20 21:56:04 2020,0,"
詩人影評｜《戀愛好好說》：煙火、白雪、暴風雨。

https://vocus.cc/article/5f7d8d3dfd897800013c8e13
躲在電影裡的詩人 ｜窺探電影

《戀愛好好說》(Love Talk) / 2020 / 台灣、日本


（以下有雷）

改編自日本作家岡本加乃子鉅作《老妓妙》收錄短篇〈過年〉、〈家靈〉的《戀愛好好說
》，是由金馬得主郭珍弟執導的三部短篇作品組成，作品無直接連繫，播映順序為姚愛寗
和邱志宇的〈越年〉、峯田和伸與橋本愛實的〈山形〉、余佩真和吳宏修的〈撩亂〉。老
實說，自己不太欣賞電影以〈越年〉作為海報宣傳，即使它最新奇、最直接的點出內核「
說不出口的愛情」，但表現更好及篇幅更多的，畢竟在〈山形〉和〈撩亂〉。


電影有著一定觀影難度，因為除〈越年〉帶有可愛的喜劇成分，〈山形〉和〈撩亂〉具有
不少留給觀眾的空間。首篇〈越年〉，可視為離奇的愛情故事，姚愛寗翻遍整個台北不為
追求無故挨打的真相，更渴望的是還予邱志宇相同的刺痛巴掌，劇本單就此已經另類反照
出戀情中的愈傷愈愛，然而轉到那說不出口的愛情是動機，卻好難解讀，就當作怪胎吧！

才結束奇幻的巴掌之舞，就被大力拉回沈重現實，好不切實際。第二篇〈山形〉，是在寒
風大雪間的日本，不過沒有太多溫暖，反倒是隔閡及距離充斥著影像。編導讓峯田和伸懷
著一股「喪感」，不是孤獨的加班、就是發愣地坐在車站，他大老遠地回到老家山形，卻
被剛分手的朋友放了鴿子。卻也因此，原要讓青梅竹馬破鏡重圓的想法，有了變換空間。
在白雪紛飛的鄉間，各懷憂愁的峯田和伸與橋本愛實沒有想像中的相互治癒，取而代之的
是瞬間地潰堤和告白，不僅爆發並再次豐富先前的「喪」，而這也許更接近腦海裡中說不
出口的愛情吧。

第三篇〈撩亂〉，在余佩真和吳宏修的表演下，典型的日式雞湯添加了曼妙台味。整理著
母親遺留下的食堂，沈浸在悲傷的余佩真碰上了冷面裝潢工吳宏修，他一句「房子要有人
住」點開了她對他的反感，卻也開啟了注視的按鈕。從魚兒開始、風雨的加持，到吹上高
天的牛隻，余佩真在和吳宏修共處一室的時分，不僅是發現他的暖心、他的責任、他的幽
默，我想最重要的是讓她獲得勇氣，看見可能性，使她得以正視回憶，能邁向未來。


逐篇精彩，然而礙於篇幅，大多不夠深厚。《戀愛好好說》收錄著三篇色彩相異，核心相
同的愛情故事，當中對於現代男女的寫實描繪讓人想起約翰卡尼的《摩登情愛》，只可惜
郭珍弟在節奏上仍有不足之處，三者分開可行，連接後卻易令人疲勞，或者調換順序、或
者拍成三部長片可能都會更好。而姚愛寗、峯田和伸與橋本愛實、吳宏修皆詮釋出色，只
不過余佩真將悲傷、失落、懷念、膽怯、嘗試、好奇、接納、放下等各種情緒表演得太好
，令人驚豔的好。




--
※ 發信站: 批踢踢實業坊(ptt.cc), 來自: 58.114.7.35 (臺灣)
※ 文章網址: https://www.ptt.cc/bbs/movie/M.1603202166.A.74B.html
※ tecofilmlove:轉錄至看板 JapanMovie                              10/20 21:57
"
kkaicd1 (夏天的熱浪),movie,[新聞] WWE性感健美女星【綁票追殺令】提槍抗敵!,Tue Oct 20 22:45:44 2020,7,"
新聞網址：https://cciitw.pixnet.net/blog/post/229975689
WWE健美女星提槍抗敵  《綁票追殺令》挑戰10天槍林彈雨拍攝

由《鋼鐵墳墓》（Escape Plan）、《紅翼行動》（Lone Survivor）億萬製作團隊傾力打造，布魯斯威利（Bruce Willis）領銜主演的《綁票追殺令》（Hard Kill），即將在本週五（10/23）於全台盛大獻映。這回，布魯斯威利將在片中飾演科技公司總裁，全力阻止反派組織毀滅世界。導演麥特伊斯坎達里（Matt Eskandari）透露本片演員默契極佳，只花費十天就順利拍攝完成，更不忘透露：「希望未來能在更大規模的電影中，與布魯斯威利再次合作！」值得一提的是，本片找來美國職業摔角（WWE）出身的性感健美女星娜塔莉伊娃瑪麗（Natalie Eva
Marie）演出。戲裡戲外都出身自軍事背景的她，拍攝前更花費許多時間進行訓練，讓她在片中完美變身衝鋒陷陣的女漢子，也讓導演大讚：「她比我還了解這個角色！」


《綁票追殺令》導演力讚跟布魯斯威利有默契  僅花10天光速殺青

《綁票追殺令》由曾入選史蒂芬史匹柏（Steven Spielberg）電影製片人競賽的麥特伊斯坎達里執導，也是他繼《終極獵殺令》（Trauma Center）、《惡夜救援》（Survive the
Night）之後，第三度與布魯斯威利合作。這回，導演讓布魯斯威利改當科技公司總裁，試圖阻止恐怖組織毀滅世界，更要救出他被綁架的愛女。導演在訪談時特別提到，劇組只花費十天時間，就完成本片拍攝：「通常大規模預算的電影，都會花十天拍一個場景，但我們在短短十天之內，就拍完無數槍林彈雨場面，和整整80多頁對話，很瘋狂，但我們還是達成了！」他也驕傲表示：「我認為最後的決戰戲超精采，演員也超有默契，我們只花費幾個小時就順利殺青！」


他也不忘讚嘆布魯斯威利：「很高興能有機會，看他出現在三部電影中，扮演三個完全不同的角色。能有機會跟他這樣的傳奇人物一起工作，絕對是一種榮幸。」他也同時透露未來發展的可能性：「希望未來能在更大規模的電影中，與布魯斯威利再次合作！無論遇到什麼挑戰，我相信我們的默契都能克服一切。」


WWE性感健美女星本色出演  《綁票追殺令》提槍力抗恐怖份子

值得一提的是，《綁票追殺令》女主角之一的娜塔莉伊娃瑪麗，本人出身自美國職業摔角，同時也是時尚設計師與健身模特兒，並在2017年演過《桃色入侵》 （Inconceivable）。出身軍事家庭的她透露：「我的父親是海軍陸戰隊隊員，我的哥哥目前正在陸軍服役，所以能在片中飾演特種部隊出身的女性角色，對我來說真的意義非凡。」她也笑說：「我是家中唯一的女生，所以這個角色真的跟我很像，我可以輕易和男生打成一片。」


導演也大讚娜塔莉：「她為這部電影接受很多訓練，是很稱職的女演員，這也是她的第一個重要角色。我欣賞她的奉獻精神，我們在製作前，更花費很多時間談論這個角色，以及她在片中的情感轉折，我相信她比我還更了解這個角色。」


這部由「地表最強光頭」布魯斯威利領銜主演的動作強片《綁票追殺令》，台灣將在本週五（10/23）盛大獻映！本片劇情描述科技公司總裁查默斯（布魯斯威利飾演），他的女兒創造出一個足以毀滅世界的量子AI系統，卻因此遭到恐怖組織綁架，並脅迫查默斯付出代價。查默斯雇用同為前海軍陸戰隊雇傭兵的米勒（傑西麥卡菲飾演），試圖深入敵營，卻意外發現誤入死亡陷阱。想要生存下去，只能團結抗敵。查默斯最終能否成功制裁歹徒、救出女兒呢？


欲知本片最新消息，
請上電影官方部落格http://cciitw.pixnet.net
與臉書粉絲團https://www.facebook.com/ccii.com.tw查詢。


--
※ 發信站: 批踢踢實業坊(ptt.cc), 來自: 49.216.188.75 (臺灣)
※ 文章網址: https://www.ptt.cc/bbs/movie/M.1603205147.A.1D1.html
"
ad56 (sup),movie,[好雷] 工作細胞!!特別上映版強『菌』來襲！,Tue Oct 20 23:24:25 2020,3,"
雷文防雷資訊頁



~*-*~*-*~*-*~*-*~*-*~*-*~*-*~*-*~*-*~*-*~*-*~*-*~



~~~~~~~~~~~~~~~~~~~ 雷文 主文分隔線 ~~~~~~~~~~~~~~~~~~~~~~~~~~~~~~~~~

其實不太確定這篇應該放西洽還是這裡
但想說既然是去電影院看的電影還是放電影版吧 XD

意外的是影廳裡的小朋友沒有想像中多
男女比相對於上次去看的少女戰車 4DX 也平均很多
整體的觀影體驗是非常棒的

接著來說說劇情
我覺得電影版比起 TV 版本，每個細胞都更有自己的特性
TV 版有時候會讓我覺得他們好像只是被套進一個模式去做事（畢竟就是細胞擬人）
但電影版有明顯讓這種感覺稍微減輕
但電影版的紅血球戲份少好多嗚嗚

整部主要是益生箘大冒險 + 癌細胞的復仇
笑點很多，而且益生箘很可愛
最喜歡的部份是樹突狀細胞活化那段
真的很愛這種暖暖的好人可愛男子突然黑化的部分
而且大家一起崩潰真的很好笑
那整段都讓在影廳裡的所有人超躁動的 XD

看滿多人好像擔心進場的小朋友會很多影響體驗
其實做我前排的就是小朋友
我一開始也有點擔心他會東問西問然後很吵
但他看得超級認真，普通的在該笑的地方笑也幾乎沒有講話
比起很多突然拿手機出來滑的大人真的好多了
可以不用擔心的進場觀賞！！！

--
※ 發信站: 批踢踢實業坊(ptt.cc), 來自: 223.136.6.180 (臺灣)
※ 文章網址: https://www.ptt.cc/bbs/movie/M.1603207467.A.330.html
"
ATCTaiwan (ATCTaiwan),movie,[新聞] 《碧藍之海劇場版》裸男校園狂奔 乃木坂4,Tue Oct 20 23:30:38 2020,0,"
新聞網址：https://atctwn.com/2020/10/20/53267/

日本女團乃木坂46年僅19歲的成員與田祐希，擔綱女主角的真人電影《碧藍之海劇場版》
，故事講述大學生在潛水社團瘋狂又搞笑的校園生活。片中男主角們肉光四射，龍星涼與
犬飼貴丈賣肉露股演出，泳衣女王-小倉優香也不顧形象只穿內衣上陣，豐滿上圍包不住
；與田祐希則是大翻白眼，崩壞指數破表。電影在日本上映後，奔放毫無節制的表現，讓
與田祐希增加許多粉絲愛戴追蹤，更榮獲日本大學生電影滿意度排行榜NO.1！

與田祐希之前曾為電視節目【乃木坂工事中】尋找象徵幸運的海龜，順利取得初級水肺潛
水的執照，非常貼近劇中女主角-千紗的人物設定，她本人也相當喜歡千紗強勢的個性，
「千紗絕對不會輸給那些看起來很不妙的男人們！」但《碧藍之海》是個連原作者都覺得
很母湯的作品，與田祐希經紀人更發新聞稿聲明「真的很對不起我家藝人和粉絲們，對自
己家的藝人和乃木坂46的粉絲致上最深的歉意！」

此外，與田祐希推出的第二本個人寫真集<沉默的時間>，成功拿下今年度日本銷售冠軍，
出貨量達18萬本，足見目前當紅魅力。

《碧藍之海劇場版》作品描述主角北原伊織在升上大學後，寄宿在叔父所經營的潛水商店
「GRAND BLUE」，並且與表姐妹-奈奈華和千紗同住一個屋簷下生活。對青春大學新生活
充滿期待的他，被大學潛水社團「Peek a Boo」盯上，連熱愛二次元世界的友人今村耕平
也一起被扯進來，於是展開了一段結合潛水、裸體、酒精、打鬧、妄想、戀愛的荒謬大學
生活。看著青春肉體奮力全裸演出，肯定要進大螢幕體驗才夠爽快！《碧藍之海劇場版》
將於本周五，2020年10月23日全台熱血上映。


--
※ 發信站: 批踢踢實業坊(ptt.cc), 來自: 114.36.128.105 (臺灣)
※ 文章網址: https://www.ptt.cc/bbs/movie/M.1603207840.A.8FA.html
"
hvariables (Speculative Male),movie,[新聞] 《無聲》首週票房破750萬 戲院加廳,Tue Oct 20 23:49:08 2020,20,"
https://ent.ltn.com.tw/news/paper/1407043

《無聲》首週票房破750萬 戲院加廳

2020/10/20 05:30

https://img.ltn.com.tw/Upload/ent/page/800/2020/10/20/12.jpg
導演柯貞年（右起）、劉子銓、陳姸霏、劉冠廷勤跑《無聲》映後座談。
（CatchPlay提供）

〔記者吳琬婷／台北報導〕國片《無聲》取材自台灣特教學校的性侵事件，劇情深刻闡述
權力不對等及不被認同的恐懼，電影上週上映後，好評口碑不斷，奪下新片票房冠軍，全
台首週票房破750萬。在民眾熱烈支持下，戲院更是主動加廳放映，總計加開32場次，上
週末導演柯貞年率劉冠廷、劉子銓、陳姸霏勤跑映後座談，也被民眾踴躍提問和回饋感動
。

柯貞年說：「看到大家這麼願意提問，進而引發更多的討論非常開心，期待透過電影可以
讓大家重新思考跟獲得一些勇氣，讓社會多一點關注與同理，在遇到不公不義的事情時能
不再『無聲』。」

--
佛沒說小乘、大乘。上座部佛教馬哈希尊者帝釋所問經講記77頁拆穿假佛法大乘的騙局。
上座部佛教明昆《南傳菩薩道》是真釋迦牟尼佛的菩薩成佛之道 大乘是假菩薩成佛之道
妙法蓮華經、華嚴經、心經、金剛經、梵網經(菩薩戒)、圓覺經、楞嚴經是大乘假佛經。
阿彌陀佛 藥師佛 大日如來是大乘假佛       觀世音 維摩詰 龍樹 地藏王是大乘假菩薩
https://www.ptt.cc/bbs/soul/M.1584460614.A.E88.html
上座部佛教目犍連子帝須和那先破偽經大乘十方諸佛

--
※ 發信站: 批踢踢實業坊(ptt.cc), 來自: 114.45.76.6 (臺灣)
※ 文章網址: https://www.ptt.cc/bbs/movie/M.1603208951.A.EC1.html
"
ryuichigo (ドイツ~ ハグして，ハグ~),movie,[好雷] 消失的情人節,Wed Oct 21 00:03:34 2020,4,"
雷文防雷資訊頁



~*-*~*-*~*-*~*-*~*-*~*-*~*-*~*-*~*-*~*-*~*-*~*-*~



~~~~~~~~~~~~~~~~~~~ 雷文 主文分隔線 ~~~~~~~~~~~~~~~~~~~~~~~~~~~~~~~~~




「時間對每個人都是公平的」


這句話我們耳熟能詳，但假如時間就像存在銀行裡的錢一樣，存著存著就會生出利息，這
個世界會變成什麼樣子呢？


電影是從郵局櫃員楊曉淇的日常開始，她就像大部分人一樣，在繁忙的城市中租著小套房
，把24小時當成48小時用，日復一日過著庸庸碌碌、一成不變的生活，畫面灰暗的色調、
不加修飾的構圖，看起來疲憊又真實。


某天楊曉淇遇到一個型男以為春天終於來了，卻在幾天後的情人節「遺失了整整一天」，
於是她開始尋找這個消失的情人節。


電影謎底揭曉是從公車司機阿泰的日常開始，阿泰從小就是個慢悠悠的人，做什麼都比別
人慢半拍，他每天都去郵局寄一封平信，某一天他在公車上醒來後，世界居然暫停了。


阿泰穿梭在這個除了自己，一切都靜止的世界，樹葉間隙灑下的陽光、漁港蚵寮的夕陽，
在阿泰的時間裡，世界變得溫柔起來。


用二十年的時間喜歡一個人，在世界暫停時，用一天的時間陪著那個人，在魔法快要消失
前，連要不要趁機親吻她，都能猶豫幾個小時。


或許正是阿泰這樣純情的人設，讓這個時間可以生出利息的世界觀，變得合理起來。


電影的結局，就請大家自己去電影院看吧。


如果這個世界，時間真的能生出利息，大家的時間會多一天還是少一天呢？


最後，關於本片男主角劉冠廷，我第一次認識他是在《陽光普照》這部片，他在片中既陰
鬱又殘暴，在那個角色身上感受不到人類的道德枷鎖，讓人毛骨悚然。


如果沒有看演員表，我完全想不到阿泰與菜頭是同一個人飾演，祝福他今年勇奪影帝。

--
※ 發信站: 批踢踢實業坊(ptt.cc), 來自: 223.138.37.40 (臺灣)
※ 文章網址: https://www.ptt.cc/bbs/movie/M.1603209816.A.629.html
"
generalfungi (香菇將軍),movie,[極好無雷] 精彩毫無冷場　看不見的目擊者 ,Wed Oct 21 00:10:20 2020,6,"
聽說有韓國版

但我沒看過，直接看日本翻拍版



《看不見的陌生人》優點:

1. 情節緊張刺激，兩小時的片長毫無冷場，咻一下就過去了

片中時不時穿插各種暴點與震撼鏡頭

令人印象深刻

2. 演員演技一流，帶入感很強

3. 反派兇狠狡猾冷靜，真的讓人有不寒而慄的感覺

4. 主角智商在線、表現優秀，只是偶爾會有過度的正義感

5. 日本常見的說教篇幅在這部只有一點點




最後爆一個無關劇情但我非常介意的點:

狗狗不會死，可放心觀賞



這部真的非常精彩，強力推薦




--
※ 發信站: 批踢踢實業坊(ptt.cc), 來自: 59.115.62.59 (臺灣)
※ 文章網址: https://www.ptt.cc/bbs/movie/M.1603210223.A.B54.html
"
shen0348 (臺中阿湯哥),movie,[新聞] 傑夫布里吉驚傳罹癌,Wed Oct 21 00:40:42 2020,13,"
https://bit.ly/3o8ade7

以【瘋狂的心】拿下奧斯卡最佳男主角大獎的好萊塢資深演技派男星傑夫布里吉，於美國
當地時間星期一在個人推特上對外宣告自己罹患淋巴癌一事。巨星罹癌消息一曝光，也讓
外界震驚不已。

布里吉先是在推特上幽自己一默，貼文提及他在經典代表作【謀殺綠腳趾】中飾演的男主
角「老兄」(The Dude)：「正如『老兄』會說的…新的鳥事總是會曝光的！」在這句前言
之後，布里吉才正式告知外界他罹癌一事：

「我已經被診斷出罹患淋巴癌，儘管這是重大疾病，但是有這麼棒的醫療團隊、同時預後
也很樂觀，對此個人覺得很幸運。我現在已經開始治療了，並且會持續推文讓大家知道我
的恢復狀況。」

在同一推文串的第二則推文中，布里吉則是特別感謝了他的親友與支持者，並且不忘鼓勵
粉絲要記得站出來，在即將舉行的美國總統大選中投下神聖的一票，文中還附上網站Vote
.org網址連結。

「我深深地感激那些愛我並支持我的家人與好友。謝謝你們替我祈禱以及你們的祝福。同
時，既然都在推文了，在這裡也要請大家記得要去投票，因為我們都在同一艘船上。」

新世代觀眾認識布里吉，大都是因為他在【鋼鐵人】中演出反派「鐵霸王」一角；不過布
里吉的知名代表作除了上述幾部，還有【電子世界爭霸戰】、【一曲相思情未了】、【越
愛越美麗】以及【真實的勇氣】等。

--
※ 發信站: 批踢踢實業坊(ptt.cc), 來自: 49.216.61.249 (臺灣)
※ 文章網址: https://www.ptt.cc/bbs/movie/M.1603212044.A.74D.html
※ 編輯: shen0348 (49.216.61.249 臺灣), 10/21/2020 01:09:19
"
vul3c9 (nope),movie,[討論] 因 #沉默 而 #無聲 的大人們後來怎麼了,Wed Oct 21 00:42:10 2020,123,"

大家都知道《無聲》是來自真實事件改編，
最近因為電影才有更多人關注這件事情，
我自己是覺得透過影像「說」故事是更令人震撼的，
也想知道後來故事怎麼發展。

以下資料來源：
https://www.facebook.com/hef.tw/photos/a.367428683413420/1761893043966970
那些因 #沉默 而 #無聲 的大人們
後來怎麼了(一)

南部某特教學校的那些老師後來怎麼了　／　張萍

很多朋友看過電影《無聲》後會問我們
「那些老師有被懲處嗎？」
「校長還在當校長嗎？」
「難道不能取消他們的退休金嗎？」

現實，遠比電影情節殘酷

人本在2011年9月21日召開記者會，揭發南部某特教學校集體性侵事件，協助家長進行國賠訴訟，總共有六件國家賠償案成立。

當時，該校周校長曾說：「人本亂講，不是128件，只有71件！」

結果，經過人本向監察院陳訴，監察院在2012年中公布調查結果，查出164件性平事件，並因長期隱匿不報等失職，共彈劾了：教育部中辦主任藍順德、科長羅清雲，督學林忠賓及南聰前後任校長林細貞和周志岳，以及各科室前後任主任及組長等共16人，是教育史上創舉！

然而，公懲會就像紙老虎，被彈劾人員之中高達6人不受懲戒，其餘10人也不過是降一級改敘或記小過，根本不痛不癢！

不僅如使，即使與造成的傷害相比，懲處已經如此輕微，這些失職人員仍然不服，繼續提申覆，結果如何，教育部也沒有向國人交代。

這個懲戒之輕，就比如：

被彈劾的林校長當年，他打電話，建議受害者的媽媽把女兒嫁給性侵她的男同學，來當作處理方式。林校長在2009年8月1日順利退休，拿到退休金。

李姓導師當年，李老師屢次收到受害女生求救信，卻都視而不見。任由小孩受害而知情不報，也只不過被記了小過。

全案沒有任何一個 #正職人員 被解聘，被解聘的都是 #約聘 的生輔員及管理員，正式職位的人負擔的責任，怎麼反而更輕微？

我們非常清楚，處理事件不能只是懲戒失職人員，於是我們 #要求專家團隊入校、 #要求修改性平法，也 #要求針對兒童遭性侵的狀況進行全國調查 找出預防、補救方法。

但，我們也知道，不懲戒失職人員，沒辦法劃下底線，沒辦法昭示政府不容許教育人員面對兒童受害而沉默無聲。

以上是我們就懲戒失職人員，所掌握的狀況，而政府不公開的部分，則需要關心事件後續的人一起要求 #教育部 要說明清楚，要樹立界線，要嚴懲失職不法。


==

希望有更多人一起來關注這件在台灣發生的事ＱＱ“


--
※ 發信站: 批踢踢實業坊(ptt.cc), 來自: 60.245.125.237 (臺灣)
※ 文章網址: https://www.ptt.cc/bbs/movie/M.1603212132.A.F95.html
"
CYKONGG (XXX),movie,[新聞] 艾米漢默想拍《紳士密令2》：我很樂意！,Tue Oct 20 05:53:13 2020,125,"
與亨利卡維爾再續基情！艾米漢默表態想拍《紳士密令2》：「我很樂意拍續集！」

https://i.imgur.com/nERcviC.jpg

說起擁有高大又帥氣的型男特工演員電影，絕對不能不提到英國風格名導蓋瑞奇（Guy Ri
tchie）在2015年推出的《紳士密令》（The Man from U.N.C.L.E.），故事背景定於1960
年代的冷戰時期，美國中央情報局CIA特務拿破崙意外被迫與「死對頭國家」蘇聯國安局K
GB特務伊利亞攜手合作，兩位性格完全不同的國家特工要一起阻止納粹餘黨T.H.R.U.S.H.
意圖引爆第三次世界大戰的陰謀，後來兩人找到了被綁架的核武博士專家愛女蓋比，發現
她也是英國軍情六處MI6的女特務，因此三位英、美、蘇主角組成了紳士局（U.N.C.L.E.
）一起阻止核災發生。

https://i.imgur.com/VwpES7C.jpg

《紳士密令》由DC「超人」演員亨利卡維爾出演風流瀟灑的美國CIA特工拿破崙蘇洛，相
較之下《以你的名字呼喚我》艾米漢默出演的蘇聯特工伊利亞科里亞金則嚴謹木訥，由於
劇中亨利卡維爾時常幽默跟艾米漢默拌嘴，兩人在開頭更於「廁所滾地激情肉搏」，讓不
少影迷笑說《紳士密令》 就是要來看這兩大高挑型男充滿化學反應的對戲畫面。

https://i.imgur.com/gBFUsl2.jpg

現在《紳士密令》兩大男主角之一、今年34歲美國男演員艾米漢默在接受最新訪問時，就
被問到了《紳士密令》拍得這麼棒，為何遲遲未出續集？這位身高達到196公分的帥哥男
星就直言：「我也搞不懂！相信我，如果有人問我想不想拍續集，而我確實時常被人們這
樣追問，我的答案一直都是『我希望有，我也很樂意拍續集。』第一部的電影編劇和製作
人Lionel Wigram曾和我討論過一些想法，我當下聽了的反應也是『聽起來很棒！不管你
有什麼點子，就讓我們盡快開始動工吧！』所以我只能說大家一起幫忙推進，希望有一天
我們真的能夠實現，我很願意去拍這部續集。」


▼兩位男主角艾米漢默、亨利卡維爾和英國名導蓋瑞奇的合照。
https://i.imgur.com/femBvzs.jpg


《紳士密令》女角也不容小看，其中飾演犯罪組織的女首腦「薇多莉亞」反派角色的女演
員，正是今年以英國大導演克里斯多福諾蘭新片《天能》知名度大開的澳洲女星伊莉莎白
戴比基。而主角三人組中的英國女特務「蓋比」則是由《丹麥女孩》女主角艾莉西亞薇坎
德（Alicia Vikander），她同時也是「萬磁王」麥可法斯賓達（Michael Fassbender）
真實生活中的妻子，你是否也希望看見原班人馬回歸拍攝《紳士密令2》 呢？

https://i.imgur.com/2VH7KRH.jpg

https://i.imgur.com/YZ0CAAk.jpg

亨利卡維爾和艾米漢默這兩位身高都超過185公分的英美兩大帥哥演員，希望能再一起回
歸拍攝續集《紳士密令2》！



https://reurl.cc/zzKpR7

--
※ 發信站: 批踢踢實業坊(ptt.cc), 來自: 101.12.23.126 (臺灣)
※ 文章網址: https://www.ptt.cc/bbs/movie/M.1603144395.A.F1E.html
"
lpbrother (LP哥(LP = Love & Peace)),movie,[新聞] 4大看點、驚人後座力 「無聲」金馬8項入,Tue Oct 20 06:39:00 2020,2,"
新聞網址：

4大看點、驚人後座力 「無聲」金馬8項入圍的秘密

2020-10-19 19:43聯合報 記者黃保慧／即時報導

金馬獎8項提名、現正熱映中的電影「無聲」，被封為今年後座力最強國片，15日上映後
在台北市及全台皆奪下新片票房冠軍，戲院更是主動加廳放映，總計加開32場次。「無聲
」究竟為何在近期被廣泛討論，4大看點一探究竟。

「無聲」是改編自台灣多起真人真事社會事件，由於片中特教學生群體校園霸凌，和台南
某特教學校所發生的事件雷同，讓人引發聯想，受到討論，但導演柯貞年表示，非針對單
一事件，而是多起霸凌事件所改編，所以片中發生的欺凌狀況可能也都發生在你我身邊，
引起觀眾共感。

再來「無聲」所探討的議題面向多，廣至校園體制、霸凌、家庭教育、聾人與社會連結的
問題，小至成長、愛情，電影故事深入淺出，更有共鳴，而片中角色沒有絕對的善與惡，
角色立體不單調，讓觀眾思考產生討論。

在角色立體的設定下，每個演員也都表現出彩，演出校長的金馬影后楊貴媚，以及飾演老
師的金馬男配劉冠廷都在水準上，而挑大樑演男女主角的新人劉子銓、陳姸霏更有大將之
風，陳姸霏甚至一舉角逐本屆金馬新人，其中成為首次入圍金馬的南韓演員金玄彬，在片
中演出有難言之隱的霸凌者角色，一場天台戲，脆弱、痛苦、邪惡情緒同時爆發，被封為
得獎場，產生熱議。據知，他自知在台受到不少關注，正積極排除萬難來台參與金馬，更
傳訊息向劇組表示，就算因為疫情要隔離14天也非常樂意。

上周末柯貞年攜劉冠廷、劉子銓、陳姸霏勤跑映後座談，更有觀眾看完立刻買票2刷映後
場，只為獲得再次提問的機會，也讓四位影人直呼感動。

https://stars.udn.com/star/story/10090/4947596

--
※ 發信站: 批踢踢實業坊(ptt.cc), 來自: 180.176.64.76 (臺灣)
※ 文章網址: https://www.ptt.cc/bbs/movie/M.1603147142.A.BEC.html
"
mysmalllamb (小羊),movie,[好雷] 地下弒的秘密 The Secrets We Keep,Tue Oct 20 08:31:27 2020,3,"
本週新片中，《龍紋身的女孩》瑞典女星 Noomi Rapace 主演的《地下弒的秘密》，台譯片名有意加個「弒」字，也許想吸引《地下弒》這類型的恐怖片迷來看？我先說，這絕不是恐怖片，雖然它也有其驚悚與瘋狂。這部看預告，我們知道是在二次大戰後十幾年，導演在片中還給了關鍵字《睡美人》讓我們知道是 1959 年；看預告中的情境，我們知道是美國戰後經濟起飛欣欣向榮、外國人近悅遠來、尤其歐洲不論納粹還是難民都要來到美國；最後看導演，一個在商業片中不太有名的 Yuval Adler，查查就知是位以色列導演、去年才推出黛安克魯格諜報片《雙面特務》。

看這基本格局，我們知道它絕不是恐怖片、反而更像是政治片、恐怕是從以色列編導眼光探討戰後轉型正義的。二戰後轉型正義，德國這罪惡滔天的戰犯國最有義務也最有動力、相關電影也談得最多；以色列這個以受害者身分遂行擴張販賣恐懼壓迫他人的加害國、近年也越來越多電影開始自我批判；倒是美國，這個從二戰英雄理所當然變成世界警察的大贏家，它「世界警察」或「白色恐怖」的那面歷年很多人都在拍，但它有沒有「轉型正義」或「轉型」問題呢？必須承認光鮮亮麗的美國，這種題材是很少的，電影可以大方批判美國政府，但美國人民有其聖潔絕不能碰的。
https://fr.web.img6.acsta.net/pictures/20/08/18/08/33/0257144.jpg


先說此片概要，預告大概都說了：Noomi Rapace飾演的羅馬尼亞裔美國女主角 Maja ，在二戰結束後認識了派赴歐陸協助醫療重建的美國醫生 Lewis，跟醫生結婚移民美國來；不知不覺持家育兒已到 1959 年，丈夫 Lewis做著醫療體檢分配退伍軍人重返就業市場的好生意， Maja 則與鄰里女人們過著美國郊區主婦生活，豐衣足食名車大房週末烤肉小孩亂跑，真是非常地 1950s美國風情！只是這天她遇上了 15 年前、也就是 1945 年戰爭剛結束的混亂時期一張熟悉面孔：當年戰爭結束仍強暴她並屠殺她們、把辛苦存活下來的妹妹殺死的納粹兵Thomas、竟跟她住在同一個社區！

儘管 Maja 一開始受害者創傷回憶一整個湧現上來、令她彷彿逃到美國仍逃不掉納粹迫害與強暴者陰影，但她幾經掙扎後仍鼓起勇氣前去面對了。當然這「面對」需要很小心，畢竟對方可能是凶神惡煞的姦殺犯、也可能只是長得很像的路人甲，如果認錯人得罪了對方未來在社區恐怕不好過、如果認對人找到了本尊更怕他把自己滅口！因此 Maja 突然從一個無憂無慮的傻氣家庭主婦形象、搖身一變轉為過去的二戰納粹鐵蹄下存活難民、把一切戰戰兢兢如臨大敵的存活本事都拿出來了：低調追蹤、小心潛伏、親眼確認、默默接近，竟還神不知鬼不覺把他打昏塞進後車廂綁回家。

於是這位納粹殺人兼強暴犯，就被她關進自家地下室成為「地下室的秘密」、是在這歌舞昇平美國郊區鄰里間「不能說的秘密」The secret we keep。不過這只是本片開場大約十五分鐘內就演完的「前奏」，本片真正主體還要更麻煩：抓到了殺死妹妹又強暴自己的真兇、連荒郊野外的地洞都挖好了、甚至已經把真兇推進去、準備學當年納粹屠殺多國民眾般一槍爆頭就地掩埋了... 為什麼這一槍就是開不下去、而要大費周章甘冒風險把他綁回家裡藏在地下室呢？受暴創傷襲來而心慌意亂的 Maja 自己也不知道，只知道先把他關起來再說；自己心裏想要如何？則還要慢慢探索。
https://fr.web.img5.acsta.net/pictures/20/08/31/12/14/5462934.jpg



本片的商業片趣味，我覺得與其說是「復仇」「綁票」與「秘密」兼具的驚悚，還不如說是看 Noomi Rapace 這傻氣家庭主婦耍蠢 XD 她雖看似二戰存活技能一夕間全上身、謀定後動精準出擊制伏了壞蛋、把對方五花大綁任自己宰割，但她的冷靜世故精準兇狠等強者氣質、只出現在她當弱者緊張忐忑時，反而當她已成功制霸掌握生殺大權時、她各種柔弱自卑膽怯慌張的弱者情緒才源源不絕湧現出來！她和丈夫首先在地下室與地上之間分際守不嚴、常常很天兵，總是從地下室滿身汗水血漬上樓被客人發現；甚至在地下室向上對對方喊話時、上樓才知好多客人差點洩漏機密。

中段開始更源源不絕流露惡趣味，尤其在這人人漂亮假笑的美國郊區、要藏個不可見人的秘密還要若無其事行禮如儀參與社區、那真要超強的「完美嬌妻」洋娃娃演技才能勝任！為了調查這位綁回來的肉票是否真是納粹、抑或如他所聲稱只是個「中立國瑞士移民」，丈夫 Lewis到處寫信去查資料核實其真相、雖然我們今日都知納粹流亡者都準備了很多資料掩人耳目；而 Maja 自己的任務還更豁出去：她才不信官方資料、而要突破肉票心防，為對肉票心理做更完整了解、她還親赴肉票家去關心對方妻子，不但噓寒問暖與對方搏感情、連兒子都帶去跟對方女兒當青梅竹馬 XD

這過程給這對小夫妻的最大衝擊，還是個 Maja 藏了 15 年沒說的天大秘密：她雖出身羅馬尼亞、卻不是羅馬尼亞人而是「羅姆人」也就是吉普賽人！原來她與丈夫在希臘軍醫院相識時，只是謊稱自己「羅馬尼亞人、家人沒受戰亂」作個幌子、其實身為吉普賽人被羅馬尼亞交給納粹關進集中營、全家死光只有她與妹妹活下來、妹妹卻被這納粹兵殺死只剩她一人。為什麼要對丈夫造假身分？美國生活 15 年絕口不提自己家庭而丈夫也不多過問？在她應是歐洲難民前赴美國「忘卻過去展開新生」的執著、在丈夫則是歷代美國人「白手起家打造人生」揮別過去只向前看的情懷。
https://fr.web.img2.acsta.net/r_1280_720/pictures/20/08/31/12/15/0826176.jpg


我們於是發現，此片與其說是在「查真相、抓兇手」然後殺死兇手找回復仇式正義，還不如說是在「面對真相、吐露實情」而讓心理圓滿找回人生的正義。美國人，不論是已居住在美國好多代的醫生丈夫 Lewis、還是第一代移民的吉普賽主角 Maja ，他們從混亂絕望的歐洲來到充滿希望的美國新天地，恐怕都有「埋葬過去、展望未來」的粉飾太平意識在，這種意識於是展現在他們片初開始面對一切令人焦慮的 ""uncomfortable truth""時，那多一事不如少一事、就是不想面對真相的心態。

於是儘管支持老婆幫她查案，Lewis 仍想著「真的是他嗎？或是妳看走眼？或妳創傷導致幻想？指控別人很嚴重我們要慎重」，說穿了潛意識裡希望只是抓錯人、肉票並不是真壞人，而且肉票也提供了大家各有把柄心照不宣以後和平過日子的解法、Lewis 倒也真怦然心動覺得為了我們幸福生活就此收手吧。說的是呀，想想不管過去發生了什麼混亂與悲慘，Maja & Lewis不也就這樣過著幸福生活再無憂慮已經 15 年？為什麼要干冒大險葬送這生活？富裕的物質生活就算毀了還是小事，親愛妻子幸福圓滿的心毀了才是大事，難道不能「忘記過去、把握當下、擁抱未來」嗎？

 Maja 一開始也這麼想、此前也以這態度塵封過去 15 年，只是碰巧遇上過去創傷陰影的幽靈襲來時、她陷入了「要遺忘逃避、還是痛苦面對」的掙扎。這掙扎，她本來還以為是專屬於她這受害者的，但隨著拜訪肉票妻小和她們做成朋友後，Maja才漸漸發現受害者與加害者都有創傷，前者是受害陰影、後者是加害的罪咎；而拒絕「粉飾太平」的「轉型正義」何在呢？也許並不是抓到兇手就地正法一槍了結，而是要打破兇手心防坦承過去罪行、也打破自己心防坦承受難過去。這正義與其說由「復仇」得到慰藉，不如說由「真相」得到和解，受害人與加害人的心於焉連起來。
https://fr.web.img5.acsta.net/r_1280_720/pictures/20/08/31/12/15/0760653.jpg


於是，這場本來綁架挖洞爆頭掩埋就可了結的爽快正義、竟越搞越亂談成一場由小見大的「轉型正義」，倒也弔詭地讓三位主角的結盟與對立分三階段洗了兩次牌：第一階段，是 Lewis & Thomas 同一陣線、希望 Maja 放棄追查過去真相、專心擁抱美好現狀才是真；第二階段，Lewis & Maja同一陣線、夫妻同心一定挺到底，這是丈夫對妻子的愛，卻非兩人面對過去同心；第三階段，竟是 Maja & Thomas同一陣線、決定即使當下生活幸福豐足、我們仍要把心底最黑暗真相說出來，這時「粉飾太平」意識根深柢固的美國醫生 Lewis，反而站在兩位互為仇敵的歐洲移民之對立面。

本片片尾的戲劇化高潮，倒不是女主角 Maia 用了什麼厲害計謀套出兇手的自白、或是有什麼感人肺腑的真情喊話感動了兇手、更不是什麼罪證確鑿公佈真相由司法給予遲來的正義... 那些都太好萊塢式熱血爽快了，本片雖是美國片卻一樣都不給！反而本片最後大轉折，不是出於受害的 Maja 也不是出於加害的 Thomas 、而是出於事不關己只是幫老婆忙的 Lewis：即使過去悲慘的兩位歐洲當事人、一個鼓起勇氣一個痛定思痛都已面對了血淚的過去，唯有他這轉不過來的美國人、仍不知所措而負氣堅持「粉飾太平」別來干擾我美好生活。

也許，這片一場尋仇風波表象下、真正要談的還是場「轉型正義」，而此片在一場歐洲人恩怨情仇下、真要批判的是美國人的「粉飾太平」。片末，又是一場美國郊區園遊會、一對對紳士淑女野餐寒暄、一群群無知小孩天真跑跳、一輛輛漂亮名車停在一棟懂花園大宅前... 美國的「粉飾太平」依然持續著、主角夫妻「地下室的秘密」仍然是秘密。唯一改變的是本來心慌意亂的 Maja 倚賴強壯的美國丈夫、現在變成無法自已的丈夫 Lewis倚靠強壯的難民妻子了。受難之人強壯起來的精神很簡單，正如 Maja 在片中說的「我見到陰影，總是慌張地逃開，但這次我要正面面對！」
https://fr.web.img5.acsta.net/r_1280_720/pictures/20/08/31/12/15/0702930.jpg


關於「面對」這件事，二戰受害者化作女主角 Maja ，她也許苦苦逃避到美好的新生，但必須面對過去陰影；二戰加害者化作肉票 Thomas ，他也許苦苦遺忘過去的暴行，但必須面對罪咎；倒是美國人化作男主角 Lewis，他雖人生幸福事不關己、但渴望粉飾太平故作無事的執念太根深柢固，因而無法面對陷入了憂鬱。這樣的「美國人」故事，好萊塢大眾商業片拍得出來嗎？我相當懷疑；一般美國獨立製片能拍得這麼尖銳、而且不是批判政府而是直指人民心態嗎？恐怕也要很大勇氣。

倒是以色列導演 Yuval Adler集結兩位瑞典演員Noomi Rapace & Joel Kinnaman、以異國口音拍了這部歐洲情仇異鄉和解的故事、搭配正港美國演員 Chris Messina代言走不出來的美國人們，這樣的「轉型正義」敘事能有片商出資發行真令我驚訝！話說美國片總是充滿「美國口音」，但美國人人都是外來者、本就充滿多國文化與口音、為何在電影中往往被「美國化」齊頭處理呢？本片倒也透過 Maja 之口直指這盲點：「兒子你學英文就要學爸爸、不要學媽媽、媽媽有口音不夠美國唷」但兒子「我就愛媽媽口音，""rabbit""要唸""hebbit""」，也許這才是面對過去的另類提點呢？
https://www.youtube.com/watch?v=EojavlHofew

--
最後也推薦一部去年底上映的德國片《風暴過後》Das schönste Paar，它也在談一對小夫妻的創傷過去、也在談相愛的他倆如何在「面對過去」的態度上陷入分歧、而且以我的眼光來看也覺得它正由小見大直指德國的「轉型正義」問題呢。當然這種電影的「正義」都是關於面對陰影說出真相，而非關對壞人的懲戒正法甚至血腥復仇 XD 反而，這兩片的「壞人」都是當下可愛誠樸腳踏實地的男子、過去如野獸般的恐怖面貌連自己都不認得；也許「轉型正義」並不是要血債血償、而是要面對真相、以及以真相為基礎的和解與彌補吧？
https://www.youtube.com/watch?v=Yi2VYs_lSl0

--
※ 發信站: 批踢踢實業坊(ptt.cc), 來自: 110.30.106.93 (臺灣)
※ 文章網址: https://www.ptt.cc/bbs/movie/M.1603153899.A.FC4.html
不過 Transitional Justice 是只要過去極權現在民主就是耶，也就是政治環境早就「轉
型」了、在這前提下去追究過去政治環境下的事件之正義，而不是由事件當事人去決定這
環境轉型或不轉型。而且請放心，要怎麼處理、要不要寬恕，球都在女主角的手上。
※ 編輯: mysmalllamb (36.226.163.41 臺灣), 10/21/2020 07:00:58
"
l81311i (),movie,Re: [普雷]無聲 - 好看緊湊不冷場，但我更想看觀點 ,Tue Oct 20 09:10:27 2020,4,"
導演有拋出觀點啦
從開頭張誠與老師在警局
中段張誠與貝貝去看電影
甚至為什麼貝貝明知再被侵犯的風險很高還是要回學校
這裡貝貝都說得非常明了
因為在外面的世界他們沒有歸屬感
學校才是家

家再不好聾人學生都知道
但是只有這個家才能讓他們免於外面世界的不友善
貝貝的爺爺奶奶小時候把貝貝鎖在家裡
張誠的家庭親子關係也不親近
為什麼小光會產生斯德哥爾摩症候群?
有沒有可能那位退休老師比小光的父母更了解、更熟悉小光的一切呢?

我覺得導演的觀點很明白
就是多了解他們把他們當正常人啦
不要再有異樣眼光
甚至善意的異樣眼光也不要

--
※ 發信站: 批踢踢實業坊(ptt.cc), 來自: 1.169.95.54 (臺灣)
※ 文章網址: https://www.ptt.cc/bbs/movie/M.1603156229.A.26E.html
"
pipiboygay (喜歡男人的男生),movie,[新聞] 白髮送黑髮人！老牌巨星勞勃瑞福導演兒,Tue Oct 20 09:28:13 2020,18,"
新聞網址：
https://tw.appledaily.com/entertainment/20201020/LUACSM7YRJAAFJP53R5YJK2LRM/

白髮送黑髮人！老牌巨星勞勃瑞福導演兒癌逝　享年58歲

84歲好萊塢老牌影星勞勃瑞福（Robert Redford）出道一甲子，他的紀錄片導演兒子，詹
姆斯（James Redford）今天傳出過世消息，享年58歲，白髮人送黑髮人，令人鼻酸。


詹姆斯的妻子證實，他因膽管癌於家中過世，她並堅強表示，他這一生過得美麗璀璨，能
相伴他32年，她很幸福。

勞勃瑞福演出《虎豹小霸王》、《往日情懷》、《大亨小傳》、《桃色交易》等片走紅，
成為70年代全球偶像，1981年他執導的《凡夫俗子》榮獲奧斯卡最佳導演殊榮。他2018年
宣布引退，但1個月後就反悔。（陳穎/綜合報導）

--
※ 發信站: 批踢踢實業坊(ptt.cc), 來自: 49.159.214.132 (臺灣)
※ 文章網址: https://www.ptt.cc/bbs/movie/M.1603157295.A.2C1.html
"
chirex (請叫我大魔道士),movie,[新聞] (影)武肺閃邊！《鬼滅之刃》日本上映3天,Tue Oct 20 09:48:00 2020,35,"
新聞網址：

https://newtalk.tw/news/view/2020-10-19/481306

(影)武肺閃邊！《鬼滅之刃》日本上映3天 342萬人進戲院支持
新頭殼newtalk | 汪靖軒 綜合報導
發布 2020.10.19 | 17:02

日本超人氣動漫《鬼滅之刃》改編自同名漫畫，今年在影音串流平台Netflix上架後，在
全世界都紅到翻掉，漫畫累積發行量更已超過1億冊，上週《鬼滅之刃劇場版無限列車篇
》在日本搶先上映，短短3天賣破46億日幣票房，超過342萬人次觀影，刷新歷史紀錄。這
也是武漢肺炎肆虐以來，在日本首次出現大量觀影人潮。

《鬼滅之刃劇場版無限列車篇》16日在日本上映後，票房短短3天飆破46億日幣，最終票
房更有望突破200億日幣。據日媒報導，《鬼滅之刃》在上映前就成為熱門話題，此次不
但有多達403家戲院排片，更有戲院單日放映超過40場，票房第一天12.6億、第二天17億
、第三天16.5億，合計46億日幣的數字直接打破日本影史周末2日票房紀錄，也讓人期待
其是否能突破新海誠「你的名字」的250.3億日幣票房，引起各界關注。

受到武漢肺炎疫情影響，眾多大片不敢上映宣布延期，全球影視都受到衝擊。日本疫情嚴
重，影院市場也一路低迷，直到上周《鬼滅之刃》正式上映，電影院半年來再度出現排隊
人潮，更有機會在今年再出百億之作。網友粉絲對此也超級期待：「票房繼續衝啊」、「
昨天去看了，沒有懸念就是神片，好久沒有大哭了」、「畫面忠於原作再現」。

繼日本之後，《鬼滅之刃劇場版無限列車篇》也將於10月30日在台灣上映，許多人已開始
期待該片在台的票房表現。



==
原作都完結了，進場還會哭嗎？

我在日本的朋友也是看完漫畫了，

結果她進場說真的氣氛很感動，

哭很慘。

大哥人氣爆發~~

--
※ 發信站: 批踢踢實業坊(ptt.cc), 來自: 59.125.46.247 (臺灣)
※ 文章網址: https://www.ptt.cc/bbs/movie/M.1603158483.A.9F7.html
得武漢只會""無法呼吸""
※ 編輯: chirex (59.125.46.247 臺灣), 10/20/2020 14:32:24
"
LeoRivers (河流們),movie,[好雷]教父的悖謬,Tue Oct 20 10:15:21 2020,19,"
雷文防雷資訊頁



~*-*~*-*~*-*~*-*~*-*~*-*~*-*~*-*~*-*~*-*~*-*~*-*~



~~~~~~~~~~~~~~~~~~~ 雷文 主文分隔線 ~~~~~~~~~~~~~~~~~~~~~~~~~~~~~~~~~



每隔一段時間就會重看一遍教父，理由不是男人必看，看了也不會「比較男人。」


柯波拉所展示的是，一個男人如何走向孤寂的漩渦，深深陷入悔恨之中。


第一部作品的開頭，主角Michael以他「平民」的身分，表面上看起來一無所有(由於遠離
家族生意，自甘無錢無勢跑去從軍)，實際上則擁有他覺得有價值得一切(父(母)子親情、
兄弟之情、愛情、友情、信任......還有未來那些美好的一切)

但隨著情節發展(導演調度)，他不得不放棄「平民」身分，入主家族事業，當上黑手黨老
大只是「手段」，目的是守護上述的一切，但這個轉變首先就放棄了平民麥可心中的理想
未來。(甚至首先就是對女友凱倫「不得不］的背叛，「我不會插手家族事］)

麥可不負老教父所託，成為深謀遠慮的一世梟雄，家族勢力越做越大。不妨將黑手黨想像
成一個帝國，帝國的擴張與資本的擴張邏輯一致，不繼續發展擴張，就是等著被併吞、收
購。

所以絕對沒有「只要守護好家族就好了」這回事。因為底下的小頭目、權臣們也想一步步
往上爬，為了滿足這個慾望的供需，麥可只能將事業一步步坐大。這只一個有進無退的處
境，資本家失敗了頂多破產領社會補助，黑手黨失敗了就是家族滅亡。

但是奇怪的悖謬來了，麥可在黑手黨帝國與資本雙重擴張之下，他表現得越好，他曾經想
守護的一切，擁有的一切，就離他越遠。最外圍的人想盡辦法親近教父(巴望許多好處)，
最親近的人卻只想遠離他。

馬克思韋伯說過：「所謂的『現代』，就是對官僚、行政體系理所當然地接受。」這是我
們的處境。所有人都覺得跑行政流程很麻煩，但為了維持「現代社會］運轉，這討厭的官
僚體制又不得不存在。

柯波拉就是創造這種「合理性」，如果以黑手黨的邏輯來看，麥可可以說「沒有做錯一件
事」，沒錯，包括親手處決自己的叛徒哥哥，都讓我們覺得這個「不得不」是很合理的。
這就有點像做黑心食品是一件不道德的事情，但當所有的食品公司都這麼幹，而且壓低售
價，政府不聞不問，民眾還吃得有滋有味，你不一起做的話就等著倒閉。(不手刃叛徒就
等著家族崩解)

一般家族企業爭奪遺產都不會這麼絕，或者是情緒突發的憤怒才有可能手刃兄弟。怎麼處
境下的背叛需要精心控管母親長逝之後再處決自己的兄弟？柯波拉展示給我們了，而且我
們還覺得「很合理」，因為觀眾自動就帶入「黑手黨老大應該怎麼做。」

可以說，在這種處境之下，麥可的手段「越合理」，他所期望的結果與守護的價值，就離
他更遙遠。而且沒有人能夠、願意諒解他(他也無所說起)。除了上帝的仁慈，所以無不滑
稽地黑手黨老大卸下心防向神父告解，人生的一連串轉變「以前的我與現在的我」，只是
一個又一個的彼此暗諷關係。

在上帝面前檢驗的是人性，以黑手黨的立場來說麥可沒有做錯，但以人的立場呢？以人性
的立場來說，麥可真的沒有錯嗎？如果沒有錯何必充滿悔恨痛苦？

老教父的結局在綠意果園中含飴弄孫中老死，麥可的結局在淒涼的莊園與小狗作伴孤寂老
死。這種淺顯的對照還只是表面，老教父晚景時依然備受愛戴(親友子女部下盟友)，麥可
的帝國裡面是一片空蕩蕩的，建立了一切卻也失去了一切。獨自一個人承載不受諒解(甚
至詛咒)的絕對孤寂漩渦當中。

沒有人愛他。

--
※ 發信站: 批踢踢實業坊(ptt.cc), 來自: 101.10.9.17 (臺灣)
※ 文章網址: https://www.ptt.cc/bbs/movie/M.1603160123.A.884.html
所以老教父的老婆可以諒解麥可殺自己的哥哥嗎?：)
這個切入點很不錯啊，但跟我的論述又不衝突
※ 編輯: LeoRivers (101.10.9.17 臺灣), 10/20/2020 11:13:31
※ 編輯: LeoRivers (101.10.9.17 臺灣), 10/20/2020 11:14:42
我也沒說維多比麥可高尚啊...
※ 編輯: LeoRivers (101.10.9.17 臺灣), 10/20/2020 11:51:16
痾...我不是贊同他的切入點嗎..
※ 編輯: LeoRivers (101.10.9.17 臺灣), 10/20/2020 12:53:47
對啊，但到最後沒人諒解他
※ 編輯: LeoRivers (101.10.9.17 臺灣), 10/20/2020 14:01:41
那個只是廣告標語跟刻板印象，我的觀測點不是男不男人，這是視角不同而已，不是「我的問題或你的問題」
※ 編輯: LeoRivers (101.10.9.17 臺灣), 10/20/2020 15:50:36
厲害了，我的哥
※ 編輯: LeoRivers (101.10.9.17 臺灣), 10/20/2020 15:56:01
我也不知道為什麼突然就變成沒有「雅量」的人了XD
漲知識
※ 編輯: LeoRivers (101.10.9.17 臺灣), 10/20/2020 17:16:01
※ 編輯: LeoRivers (101.10.9.17 臺灣), 10/20/2020 17:16:28
"
Yeanfan (EDDIE),movie,[討論] 127小時,Tue Oct 20 11:11:00 2020,2,"
剛剛電視又播了127小時
看了好幾次還是看不膩，個人喜歡這部
但也會有人不喜歡這部
覺得主角浪費時間浪費資源
一位平常就喜歡喜歡挑戰冒險運動
平常出門也都不會留下紙條去了哪裡
這次去攀岩遇到大石頭阻擋
雖然在主角的手被大石頭卡住中間片段有些無聊
沒有食物沒有水荒郊野外等到救援機率是0
整部關鍵就在他斷了他被卡住到那隻手
他究竟會做出什麼決定？
最後看到他能夠自救逃出來
突然莫名感動（？

最後這幕不知是否有什麼或隱含嗎？
https://i.imgur.com/FLqjaZL.jpg
https://i.imgur.com/Dy4FqOD.jpg

--
※ 發信站: 批踢踢實業坊(ptt.cc), 來自: 223.136.65.147 (臺灣)
※ 文章網址: https://www.ptt.cc/bbs/movie/M.1603163462.A.1FF.html
"
hebeshaman (Hebe),movie,[討論] 關於映後的宣傳 演員必須100%配合嗎?,Tue Oct 20 11:48:44 2020,90,"
我是不知道上週末 映前映後的QA 曾敬驊有到場嗎?

只知道曾敬驊 初期有配合宣傳 跑了40-50場映前映後

還上了一堆節目、電台、雜誌的專訪


而陳昊森與瞿永寧都是氧氣的，所以為了自己的公司

每一場QA都到場是無可厚非的



但曾敬驊和他們不同公司，是李烈那邊的

想知道如果是不同公司，演員要配合宣傳到怎樣  才算是仁至義盡呢?


感覺李烈也不會同意自家公司的演員，要配合跑100-200場映前映後吧?

像這週末的同拍會，感覺曾一樣不會到場的機率很大

--

--
※ 發信站: 批踢踢實業坊(ptt.cc), 來自: 59.115.87.14 (臺灣)
※ 文章網址: https://www.ptt.cc/bbs/movie/M.1603165727.A.250.html
所以你想的是跟我一樣的吧(握手)
很多人想看曾到場阿，怎麼會不是觀眾的事?愛噓魔人
※ 編輯: hebeshaman (59.115.87.14 臺灣), 10/20/2020 12:04:23
對阿~他也跑很多了
※ 編輯: hebeshaman (59.115.87.14 臺灣), 10/20/2020 12:09:30
ﾨ漣A就左轉離開吧
直接黑名嘍，我覺得你也很無聊
※ 編輯: hebeshaman (59.115.87.14 臺灣), 10/20/2020 12:12:19
這句話是誰說的???我可沒說，請勿過度腦補
你真的想太多了，我完全沒這意思
我只是在想，曾也許想多出席QA，但會不會公司那邊不同意阿?
如果都要把人想成這麼壞，老實說，你們也蠻可怕的
你也是屬於愛腦補的網友之一，我的文哪裡有提到不配合不重視？
我完全沒有那種帶風向的念頭， 一樣黑名嘍
你的心態也蠻可怕的
自己心態不對就已經先入為主了，看別人的文，就會覺得惡意滿滿
不再閱讀推文嘍，畢竟推文裡也有一些理性的網友已經有回覆了
不過這邊的網友也真可怕，我明明沒有ﾥ籉韞庢N，只是單純好奇提問 卻被想的這麼壞~
難怪都說人心比鬼還可怕阿
※ 編輯: hebeshaman (59.115.87.14 臺灣), 10/20/2020 12:48:12
"
KOGADOU (大河武),movie,[討論] 鬼滅之刃上映後有機會擊敗國片刻你名嗎,Tue Oct 20 12:28:40 2020,-18,"
近期鬼滅之刃在日本上映，首映日就創下7億日圓的票房，累積票房破數十億，台灣也將於1
0/30日上映，《鬼滅之刃》上映後有沒有機會擊敗國片《刻在你心裡的名字》？到時電影板
會出現多刷心得文或疑似工讀生的心得文嗎？

好希望鬼滅在台傯票房能擊敗刻你名 這是個重要的里程碑，動畫電影癑打敗高人氣同志題
材國片～

--
※ 發信站: 批踢踢實業坊(ptt.cc), 來自: 111.71.28.100 (臺灣)
※ 文章網址: https://www.ptt.cc/bbs/movie/M.1603168122.A.5F0.html
理性討論:)
※ 編輯: KOGADOU (111.71.28.100 臺灣), 10/20/2020 12:32:23
※ 編輯: KOGADOU (111.71.28.100 臺灣), 10/20/2020 12:32:45
動畫電影能在台灣火紅，真的很欣慰
還能與優質國片並駕齊驅，何等殊榮
刻這部電影很棒 真的
大家快去看！
※ 編輯: KOGADOU (111.71.28.100 臺灣), 10/20/2020 12:55:41
※ 編輯: KOGADOU (111.71.28.100 臺灣), 10/20/2020 12:56:18
※ 編輯: KOGADOU (111.71.28.100 臺灣), 10/20/2020 12:57:25
我也很關心刻，難得好國片：）
※ 編輯: KOGADOU (111.71.28.100 臺灣), 10/20/2020 13:00:58
那是廢文啊:)
※ 編輯: KOGADOU (111.71.28.100 臺灣), 10/20/2020 16:19:02
"
kissjoegod (Roseininder),movie,[討論] 只有我覺得無聲 非常難看嗎,Tue Oct 20 12:52:03 2020,-48,"
要講一下實話


因為看了ptt上面的評論


最後選擇去看無聲

看完後 我看了什麼....



沒有什麼劇情可言

一開始就大致猜到全部劇情

裡面的人智商好像都低於平均值

看完 只獲得憤怒值


國片真的要努力

還有ptt別亂帶風向  不要因為國片就支持

幫他行銷


無聲真的很難看

--
※ 發信站: 批踢踢實業坊(ptt.cc), 來自: 223.136.122.8 (臺灣)
※ 文章網址: https://www.ptt.cc/bbs/movie/M.1603169525.A.205.html
"
mysmalllamb (小羊),movie,[普雷] 謎厄莊園 Il legame (Netflix 義大利片),Tue Oct 20 13:51:34 2020,0,"
本週 Netflix上架的《謎厄莊園》，看片名就知是鬼片，看預告則可猜測有種「莊園」古宅鬼屋的風情、還有南義大利的鄉土風貌、然後鬼怪議題看來是關於「附身」、看似如同《大法師》般掌控小孩的身軀、專門給可愛小蘿莉化恐怖妝作為賣點的。然後打開正片，超長的片頭有超長的慘叫聲，一個傳統社會好多人架著一個慘叫女子給她施刑或施法，然後字幕用充滿民俗學味道的解釋「在義大利南方，仍有牽絆 (fascinazione) 的法術仍在民間施行中」。然後看開著車的建築師女主角從外界前來這南義鄉間遇見民俗，也許我們能期待一場文化交流或文化衝突的驚悚？
https://fr.web.img3.acsta.net/pictures/20/09/28/09/32/3651270.jpg


開場期待如此，結果看完片大失所望 XD 此片說「文化交流」或「文化衝突」也不是說沒談，但談得實在很直白淺顯、也沒什麼轉折、就直挺挺地先來一大段誤會再來一瞬間和解。剩下的，就都是鬼影幢幢在嚇人，包括這大宅常常有奇怪的聲音、可能是風聲水聲或老房子聲、還有女聲在暗處細微呢喃著；這大宅也很多野生動物、譬如烏鴉會飛到陽台來吃鴿子肉、還有蜘蛛咬人傷口很大毒性很強；還有這塊土地上有很多「千年大樹」、這家老奶奶還是個傳承古法的大樹醫生、還示範來客如何給大樹放血... 諸如此類小驚悚元素很多，但說穿了到最後絕大多數和劇情無關。

看此片，我主要還是為女主角看的：這位 Mia Maestro是卡洛斯索拉 1998 阿根廷電影《情慾飛舞》女主角、是當年大師表現劇場舞蹈愛慾殺機的探戈女神！可惜她後來都演些小片近年更消聲匿跡，能看到 Netflix請她重出江湖，就算電影本身再免洗都要看！她演個事業做很大跑遍全球的建築師 Emma ，生了個冰雪聰明女兒後離了婚、遇上了義大利型男 Riccardo Scamarcio 飾演的南義情人 Francesco、這情人會彈鋼琴又喜歡小孩簡直是完美！這天 Emma 終於要跟情人回到他的南義老家看媽媽了，才要見識這位在外遊覽世界時自由奔放的情人、有個多麼保守傳統的原鄉。

雖然此片最大牌的是 Scamarcio，但他顯然是來當花瓶給重出江湖的女主角 Mia Maestro抬轎的。本片真正有意義的角色張力還發生在兩位女人間：當建築師走動現代工程與商界的 Emma 、與準婆婆 Teresa 之間的對立。一開始，準婆婆各種傳統習俗與迷信， Emma 雖然看了好笑但人家是未來婆婆也就不多管；接下來，這家有何疑難雜症不訴諸科學與醫學，而都是 Teresa 與其女管家 Sabrina兩個老女人用獨門藥草與偏方解決，令 Emma 眉頭越來越皺；等到小女兒 Sofia被蜘蛛咬到，Teresa想用祖傳方法時 Emma 才升起敵意悍然拒絕，結果去看西醫發現也沒半點用...
https://pad.mymovies.it/filmclub/2020/09/185/coverlg.jpg


直到終於發現那「蜘蛛」是某位有心人士下蠱時，Emma起先還負氣地覺得都是 Teresa 害的、妳再也不要接近我女兒、我帶女兒馬上逃得遠遠地！不過很快地，她再吃個虧馬上就知道：準婆婆 Teresa 不但不是對小女兒 Sofia下蠱的兇手、反而是唯一可以解救小女兒的傳統力量，於是準婆媳倆人瞬間化敵為友同氣連枝！她倆本應一齊愛著、但戲份很快已被架空的 Francesco，就被派去當炮灰對付兇手啦，誰叫這位兇手是他得罪過的人：一位二十年前的大宅女傭 Ada、當年跟他這少爺燕好懷了孩子卻被始亂終棄、Francesco 這少爺要她墮胎不成、竟然對她做法害慘了她！

於是本片驚天秘密很快就揭曉：是被做法後失去孩子也遭到其他邪魔附身的 Ada、感受到 Francesco帶女友與女友孩子返鄉的氣味後、要出手向 Francesco這負心漢報仇了！最重要的是：她當年被 Francesco害死胎兒、現在就要從他身旁搶回一個孩子；而 Francesco沒有孩子又該抓誰呢，就抓與他已情同父女的 Sofia吧 XD 唉，這個兇手執念應該是要很有重量的、Francesco 從過去渣男到現在暖男的轉變應該也是很有發揮空間的，可惜本片完全沒做、這一切都只當背景草草帶過、都只是要快快舖完背景迎接嚇人主戲的。

要說本片「嚇人」嘛，也算是有嚇到我啦，其實只要蘿莉 Sofia有化恐怖妝、正妹 Ada有化厲鬼妝、有些驅魔不成玻璃全碎的驚悚、有些噁心的蜘蛛蟑螂海帶髮菜、有些鬼影從樹後跳出來的 jump scare...這些還是可以嚇到我、一般鬼片觀眾我就不敢說。不過我個人看恐怖片比較期待的，還是恐怖情節如何表達人間的「惡」與「執念」或其他負面情懷。以這點來說，本片有兩個地方應可做出張力：(1) Emma & Teresa 的文化衝突、互相猜忌，不過很快就和解攜手；(2) Francesco & Ada 的始亂終棄，渣男若非該惡貫滿盈總該痛定思痛吧？他有解結的義務，但本片也沒做。
https://furyosa.com/wp-content/uploads/2020/09/Il-legame-furyosa-1.jpg


對我來說，恐怖片要好看，還是要讓恐怖劇情反映人性，不論是人性黑暗還是人性光明都好。因此這片令我不甚滿意的地方，我想應該是角色塑造雷聲大雨點小的問題：

(1) 女主角 Emma 本應代言現代科學社會對地方民俗的排斥，但這身段起頭很瑣碎、收尾也差強人意，她與準婆婆只像工具性的結盟、卻無互相理解與關愛；(2) 準婆婆 Teresa 身為傳統代言人，別說和 Emma 的結盟很工具、就是關愛自己兒子也關愛得半吊子，彷彿唯一任務就是解救 Emma 關心的小女兒；(3) 男友 Francesco現在迷人、過去身負罪咎，理應有個救贖的奮鬥，但他的存在非常表面而免洗，就只是介紹兇手用的；(4) 兇手 Ada是可憐的創傷心靈踏上魔道，本片拯救小蘿莉時應該給她個圓滿結局消散怨念吧？但她就只是個反派、給女主致命一擊消滅用的。

這種片，我就很難推薦了，就算是喜歡南義大利或喜歡古堡大宅的觀眾，我也不知這片有什麼看點值得一瞧的。唯一看點就是男女主角吧？喜歡 Riccardo Scamarcio 的可以加減看看就當收集他片單，喜歡 Mia Maestro的倒是多年不見值得瞧瞧她中年風采。她自己的電影，當然是 1998 年當探戈女神的索拉片《情慾飛舞》最為經典；倒是本週 Netflix也有上一齣最新任索拉電影芭蕾男神 Isaac Hernández的迷你影集《有人必須死》Alguien que tiene morir，也值得看看。
https://www.youtube.com/watch?v=cAuRfbe2g_s

--
※ 發信站: 批踢踢實業坊(ptt.cc), 來自: 110.30.106.93 (臺灣)
※ 文章網址: https://www.ptt.cc/bbs/movie/M.1603173099.A.C02.html
※ 編輯: mysmalllamb (118.169.38.118 臺灣), 10/20/2020 17:13:01
"
orz44444 (窮鬼只會討飯吃和抓交替~),movie,[新聞] 金馬入圍「千年一問」票房破150萬 全場哭成一片,Tue Oct 20 14:04:01 2020,21,"
新聞網址：https://stars.udn.com/star/story/10090/4948485

2020-10-20 00:54 聯合報 記者黃保慧／即時報導

今年金馬獎最佳紀錄片入圍作品「千年一問」，完整收錄台灣漫畫家鄭問一生創作軌跡，
目前全台票房累積破150萬，本片上周末於台北、新北啟動第一波公益巡迴放映，有學生
映後哽咽落淚表示，自己熱愛畫畫，父母卻希望他當醫生，看完鄭問老師的故事，感覺獲
得了一些堅持的勇氣。一位女生則分享因人生困頓曾想結束生命，但藉由畫畫走出陰霾，
全場觀眾哭成一片。導演王婉柔也感動說「學生的眼睛如此清澈，他們比我們想像的，懂
得更多、更多。」

漫畫家鄭問於2017年心肌梗塞驟然過世，享年58歲，令許多漫畫迷們不捨，紀錄片「千年
一問」耗時近3年、走訪4地、飛行萬里拍攝製作，試圖在135分鐘的電影篇幅中，將鄭問
跌宕起伏的漫畫人生活現於大銀幕，上映至今每一場映後都獲得觀眾熱烈迴響，不少人哭
紅眼踏出戲院，甚至有觀眾在廳外握著王婉柔導演的手，邊哭邊感謝她拍出這樣一部電影
。

「千年一問」受和碩董事長童子賢、副總張天寶及藝碩文創股份有限公司共同贊助，邀請
全台灣3000位對藝術設計領域有興趣的學子進戲院一賭鄭問面對創作不妥協、不放棄的「
大神」風範，上週末台北、新北共6場放映，包括鄭問的母校復興商工，以及實踐大學、
台灣藝術大學、師大附中美術班、中和國中美術班、民族國小美術班等超過50間學校共襄
盛舉，有學生惋惜說：「太晚認識鄭問，當初錯過故宮大展，但沒有錯過這部紀錄片實在
太好了。」

導演王婉柔原本怕孩子們看不懂的擔憂也放下了，她感受到「單純的畫畫的快樂，沒有年
齡與經歷的限制，我在一位位害羞上前、只為激動分享觀影感受的年少臉龐上，看到了很
多、很多。電影完成了，有人喜歡、有人不喜歡，但都無妨。電影比我們都大太多，已經
成為大家的了。」
--

    窮人想翻身靠讀書,窮鬼不會讀書想翻身只能靠抓交替~~
PS:廟公收留乞丐,乞丐趕走廟公,然後乞丐變廟公,廟公變乞丐,這就是抓交替~


--
※ 發信站: 批踢踢實業坊(ptt.cc), 來自: 125.231.114.51 (臺灣)
※ 文章網址: https://www.ptt.cc/bbs/movie/M.1603173846.A.00C.html
※ 編輯: orz44444 (125.231.114.51 臺灣), 10/20/2020 14:04:36
"
bob9527 (花羅漢),movie,請問最近上映的電影，只能二選一…,Tue Oct 20 14:50:24 2020,7,"

請問近期電影，“奪命守門人”和連恩尼遜的“倒數反擊”，哪部電影不冷場，因為要約朋友要看，只能二選一，有大大能提供經驗？

-----
Sent from JPTT on my Asus ASUS_I001DC.

--
※ 發信站: 批踢踢實業坊(ptt.cc), 來自: 163.26.176.152 (臺灣)
※ 文章網址: https://www.ptt.cc/bbs/movie/M.1603176626.A.7A1.html
"
kellyMa (kelly),movie,[討論] 蔡明亮導演的發言,Tue Oct 20 15:50:45 2020,14,"
看到蔡明亮在高雄電影節的發言，他說：
「如果沒有《天邊一朵雲》，怎麼會有後來的《色，戒》！」

（全文網址：https://reurl.cc/Xka9O3）

看到這樣的發言，真的是不懂這句話的意思，
思考這位導演這樣發言究竟站在什麼樣的基礎與想法。
儘管沒有看到完整的發言，
但光就這句話，我一點也沒有感受到這樣的邏輯脈絡是什麼。

如果按照這位導演的邏輯，那我們是不是可以說，
「如果沒有李安的『父親三部曲』，哪有蔡明亮的『父親三部曲』」？


--
※ 發信站: 批踢踢實業坊(ptt.cc), 來自: 36.231.31.221 (臺灣)
※ 文章網址: https://www.ptt.cc/bbs/movie/M.1603180247.A.49B.html
這我也不懂啊，若照你說的，台灣社會對情慾藝術片的先後影響，
那我也可以說，沒有《感官世界》，哪來《色戒》
這樣任何一個前者都可以在後者面前貼金了。
※ 編輯: kellyMa (36.231.31.221 臺灣), 10/20/2020 16:38:57
我沒有要跟你戰喔。只是這樣的邏輯，推演下來，
沒有新電影的侯孝賢吳念真楊德昌，也就沒有蔡明亮，
新電影抵抗政府才更多吧而且不單單只是情慾。
我剛寫的「任何一個前者都可以在後者面前貼金了」
※ 編輯: kellyMa (36.231.31.221 臺灣), 10/20/2020 16:54:18
不是啦我怕我一直回你，你覺得我在戰你啦
※ 編輯: kellyMa (36.231.31.221 臺灣), 10/20/2020 17:00:43
"
st9131133 (球球球球球),movie,[好雷] 《消失的情人節》八塊的初心與浪漫。,Tue Oct 20 16:08:11 2020,11,"
圖文完整版
https://ballplantball.pixnet.net/blog/post/21579590

遲了快一個月才前往影城觀賞《消失的情人節》，今年９、１０月是國片的強碰期，每個
國片的題材都非常不同，皆能細細品味，可憐哉筆者的忙碌，至今才觀影。

全片的劇情演繹是我非常喜歡的小品呈現方式，沒有過多華麗劇情的鋪陳轉折，反倒是簡
單的日常搭配一些超意識的題材，從一而終的獻給觀眾不同的面貌。


~~~~~~~~~~~~~~~~~~~ 雷文 主文分隔線 ~~~~~~~~~~~~~~~~~~~~~~~~~~~~~~~~~

「消失的人、消失的情節」

全片以楊曉淇得快時間以及阿泰的慢時間視角，拼湊出完整的故事架構。很喜歡郵局這個
設定，像是以女主角視角每天跟男主角借八塊錢，而男主角每天都是投資八塊錢，最後在
情人節的那天，彼此償還這些預借或超支的利息。

《消失的情人節》開頭以及前期發酵很成功，在預告片都是男主角的視角身影，但在劇情
一開始卻是女主角趣味的報案方式，使得筆者更想知道「所以誰的一天到底怎麼消失的？
」；隨著楊曉淇的日常、回憶，從頭慢慢講起，不疾不徐讓觀者像是個阿泰的視角。所以
帥哥教練呢？那個每天寄平信的怪咖呢？為什麼消失的一天裡曬得皮膚通紅？直至038的
郵政鑰匙，追到了事發地，貌似離謎團更接近的時候，卻使整個視角更模糊，「所以女主
角的一天到底怎麼消失的？」。

後半段由男主角阿泰來完全剩餘的劇情碎片，總是慢一秒時空的他，在小時候對女主的一
見鍾情到長大後的再次相遇，分別的十來年，卻沒有勇氣往前提起。而這些慢時間的利息
在情人節當天兌了現，阿泰利用多出來的一天跟女主角相處，完成了彼此最密合的情節。

「你要好好愛自己，因為有人愛著你」

全片最後，用大圓滿的方式並附註心靈雞湯語句，讓筆者從這些日常演繹到最後感受到滿
滿的暖意，雖然對於愛情的解讀不盡相同，但喜歡整個觀影過程不用燒腦或者過度的劇情
轉折，飄然淡淡地跟隨著劇情脈絡，就像是真的有楊曉淇跟阿泰在面前廣播講故事給我聽
一樣，算是近年覺得蠻值回票價的小品國片。

-

不過筆者認為，對於阿泰在暫停的一天裡給予女主角的詮釋，其實蠻容易在變態跟癡情的
模糊邊界遊走，對於帶回女主房間親額頭稍微不能接受外，其他沒有過於踰矩的表現，反
倒呈現出阿泰的純真跟木訥。

除此之外論整體而言，《消失的情人節》算是在國片中不會用尷尬的梗來戳觀眾的笑點，
導演將各種笑點或者是細節不著痕跡的黏在劇情之上，而功勞更要歸功於男女主角出色的
演技。男主角劉冠廷筆者真的覺得他演什麼像什麼，像是《陽光普照》蔡頭、《花甲男孩
》花明，到現在充滿木訥的阿泰都詮釋得非常到位也不會感受到不自然的刻意感；女主角
李霈瑜非常讓我眼睛為之一亮，對她的印象是活潑陽光的外景主持人，首次獨挑大樑的演
技精湛致讓我想到2018年的金馬影后謝盈萱，自然倒真的覺得楊曉祺真實出現在影城外的
郵局一樣。

最後，對於本片給予時間的定義，筆者認為不像科幻片《天能》那類型的時間概念，我覺
得《消失的情人節》的時間更像是人與人相處的頻率。生而為人，每個人在世上都有特殊
的頻率，有可能是釋放出萬眾矚目的頻率，也可能是與大眾脫節的頻率，劇中除了男女主
角的愛情觀，讓我印象深刻的是女主家庭的關係，父親的出走更讓我覺得他是無法適應家
庭的頻率，而到劇末與暫停的女主角達到和解時，這也呈現了他們頻率最一致的時候。

劇初劇末不離「你要好好愛自己」的標語點醒筆者，再追求不屬於自己的頻率的時候，調
節的過程也不要忘記自己的初心，因為縱使頻率跟某某人相符合了，但可能也不是你自己
了。

--
※ 發信站: 批踢踢實業坊(ptt.cc), 來自: 1.160.204.16 (臺灣)
※ 文章網址: https://www.ptt.cc/bbs/movie/M.1603181294.A.075.html
"
amego2017 (),movie,Re: [好雷]教父的悖謬 ,Tue Oct 20 16:30:02 2020,4,"
因為人就是動物

男人就是雄性動物，骨子裡渴望那野獸man power

片中展現的就是各種生存手段，爭地盤搶利益擺脫道德枷鎖


血淋淋的雄性智慧

跟看動物頻道一樣

想漂白也只是想生存下去的手段

麥可錯的是沒他老爸掩蓋的漂亮

但最錯的是沒有瘋狂修幹交配生後代

有錢有勢後就該瘋狂修幹，動物的最終目的就是生後代

麥可搞砸了，最後變得跟肥宅一樣孤家寡人的淒涼


顯然這片就是在講雄性野獸出生在大地上的競爭過程

--
※ 發信站: 批踢踢實業坊(ptt.cc), 來自: 150.117.104.190 (臺灣)
※ 文章網址: https://www.ptt.cc/bbs/movie/M.1603182604.A.370.html
"
halfgodhsiao (蕭蕭),movie,[問片] 預告「難道這不是愛嗎」,Tue Oct 20 17:02:41 2020,3,"
應該是去年看到的預告，不知道為什麼腦中一直浮現預告的這句話「難道這不是愛嗎」，又
想不到到底是哪部片，好痛苦求大家讓我解脫

--
※ 發信站: 批踢踢實業坊(ptt.cc), 來自: 223.140.88.65 (臺灣)
※ 文章網址: https://www.ptt.cc/bbs/movie/M.1603184563.A.C6F.html
可惜不是嗚 但還是謝謝
我記得是男生說的有點中國腔不知道是不是對岸電影
※ 編輯: halfgodhsiao (223.140.88.65 臺灣), 10/20/2020 18:14:17
"
henryhuang17 (亨利),movie,[普好雷] 看不見的目擊者 (吉岡里帆粉)觀後感,Tue Oct 20 17:08:48 2020,9,"
看不見的目擊者

★ 改編自韓國經典犯罪電影《盲證》
由日本新生代實力派女星吉岡里帆聯手鮮肉帥哥高杉真宙演出

10/16號 就上映了

今天有空，就去威秀看了
場次是中午十二點四十，出乎意料，竟然除了我之外還有其他觀眾
因為之前的經驗，中午這種非大片基本上都空無一人XD

-

先無雷的感想

我覺得看起來的感覺比較像是一集略長的日劇(兩小時)

以懸疑推理片來說節奏不是很緊湊

看的過程除了因為個人對血腥場面比較緊張之外，其他時間也不會算太緊張刺激

但整體犯罪動機跟手法來說還算合情理的範圍內，可是就有點點乏味

不過如果跟我一樣是喜歡吉岡里帆所以才看的，那可以去看看XD

雖然她演的戲劇也蠻多了，但這部演盲人，就可以多看一種面向的她～




雷文防雷資訊頁







~*-*~*-*~*-*~*-*~*-*~*-*~*-*~*-*~*-*~*-*~*-*~*-*~



~~~~~~~~~~~~~~~~~~~ 雷文 主文分隔線 ~~~~~~~~~~~~~~~~~~~~~~~~~~~~~~~~~


一開頭的車禍意外，感覺在日式電影裡面就必須這樣教條呈現吧？
開車分心去撿東西，在日本電影裡不出意外感覺不太可能XD 做壞事一定要被懲罰
然後鋪陳弟弟的吊飾呼應到最後的結局，還算不錯，但總覺得硬塞一個吊飾有點牽強


15年前殺人動機是來自六根清淨
一開始以為是跟島田的『占星術殺人事件』一樣，取各個部分搞鬼
但沒有，就純粹引用經典裡面的六根清淨，來進行殺人儀式
這個的話我覺得兩者相較之下就弱了不少，沒有甚麼特別反轉或有梗之處


但15年前的目擊者，成為現在的模仿犯，這倒就蠻合理的
純粹因為喜歡看到屍體而殺人，這樣的動機我覺得還不錯
目的相對簡單而且純粹，一定有這樣的犯人
太多電影的兇手都有一大堆的故事，反倒是這樣，受到刺激，純粹想殺人的角色也不錯


可是就有個問題，既然他純粹喜歡殺人而已
但是那戶凶宅裡面為何還要再把各個器官擺成供奉的樣子，這我就不太懂了
錄影可以理解，就是想看殺人跟屍體，但怎麼還需要再搞六根清淨那套


最後就是兩個前面戲份很重的警官
第一個死的木村警官，我覺得還算情有可原，很正義想要趕快救人跟揪出內鬼
但講完大話的時候（明顯感覺在立旗＝＝），果不其然被刺死
第二個警官，怎麼敢不瞭解就直接衝進去，只為了男主角說的警官正義＝＝
講完當下也超明顯的立旗，也被兇手收掉了...

第一個警官死我覺得還算OK，但第二個也要進去送頭真的有點太多了


不知道大家怎麼看～















防雷雷雷雷

--
※ 發信站: 批踢踢實業坊(ptt.cc), 來自: 36.237.76.190 (臺灣)
※ 文章網址: https://www.ptt.cc/bbs/movie/M.1603184937.A.578.html
我知道啊XD我有講，只是覺得有點刻意
好多版本！
但我印象好深他對男主那句話的執著
原版最好看嗎
我也有點這樣的感覺
可能覺得自己有經過訓練了，夜魔俠上身
其實兇手把刑警都直接剁掉，沒有把男主也直接剁掉也蠻怪的
最後一句笑出來XDD
※ 編輯: henryhuang17 (36.237.76.190 臺灣), 10/20/2020 18:37:49
"
vincentgotu (網壇的人),movie,Re: [討論] 鬼滅有可能進入今年全球票房前十名嗎?,Mon Oct 19 21:07:28 2020,1,"
一開始看鬼滅之刃是朋友的小孩說這是今年最紅 叫我先看mod動畫 然後因為小朋友都在討論 又想看善逸什麼時候會變強 就去看漫畫

結果看到好多感人的情節 像是繼國緣一跟哥哥 還有這次動畫電影的主角炎柱 還有妓夫跟妹妹 看了覺得有些情節真的好像出現在人生中的某段遭遇 好想哭

對電影原本沒什麼興趣 就像大家說的看過漫畫就知道結局 但是看到票房狂破紀錄 現在覺得一定要去看

日本人對情感描寫有點莫名的執著 這股熱潮覺得可追上當初的灌籃高手 但當初灌籃高手
的動畫電影好像有點拖台錢 灌一個藍要10秒鐘 這次不僅漫畫作者收線迅速 製作電影的ufo 的美感更沒話說 期待！

※ 引述《chirex (請叫我大魔道士)》之銘言：
: ※ 引述《nanachi (上善若水)》之銘言：
: : 鬼滅在日本上映三天，創下四十五億日幣的驚人紀錄，而目前全球電影票房第十名是隱
: : 人，約1.347億美金，如果鬼滅票房突破160億日幣便能超過之，版友覺得有機會嗎?
: 應該不是沒有可能，
: 日本下半年沒啥強作要上檔，
: 而且因為疫情的關係，
: 電影院生意慘淡，連帶周邊生意也是下滑，
: 朋友在日本留學的說，沒看過日本這麼慘過，
: 連在歌舞妓町專門拉外來客的逆桑，
: 也就是一堆中國學生在兼職的，
: 最近也全滅了。
: 因為沒有外國遊客啊。
: 本來今年2020應該是日本東奧盛世，
: 觀光旅遊要大爆發，大家都在摩拳擦掌準備狠撈一票的。
: 那想到，鬼真的來了？
: 一個中國武漢肺炎把全世界都打趴掉了。
: 這時候『鬼滅之刃』根本就被日本動畫，不是，是日本人
: 看成救世主了。
: 【鬼滅之刃】啊!!!
: 多吉利啊??
: 打倒小物臭的維尼，不是，是無慘~!!
: 所以看個鬼滅消消業障，消惡除疫，
: 去除惡鬼纏身，
: 真的很符合目前的世界潮流。
: 很應景啊~~~
: 尤其是那個人說的，
: 『我不會讓在場的任何一個人死掉』
: 然後戰到最後一刻也不倒下的精神，
: 真的很符合日本人現在的需求。

-----
Sent from JPTT on my iPhone

--
※ 發信站: 批踢踢實業坊(ptt.cc), 來自: 110.50.134.89 (臺灣)
※ 文章網址: https://www.ptt.cc/bbs/movie/M.1603112850.A.4A7.html
※ 編輯: vincentgotu (110.50.134.89 臺灣), 10/19/2020 21:08:37
※ 編輯: vincentgotu (110.50.134.89 臺灣), 10/19/2020 21:11:06
※ 編輯: vincentgotu (110.50.134.89 臺灣), 10/19/2020 21:14:35
"
addstar (ASUS P735超正阿!!),movie,[請益] 鬼滅之刃有國語配音的嗎?,Mon Oct 19 21:16:42 2020,55,"
請問鬼滅之刃有國語配音的嗎?

想帶小孩去看，但是目前在威秀、國賓、秀泰影城的時刻表都只有日文的，

國語配音會晚點上映，還是只能等DVD呢?

謝謝!!

--
※ 發信站: 批踢踢實業坊(ptt.cc), 來自: 1.34.135.162 (臺灣)
※ 文章網址: https://www.ptt.cc/bbs/movie/M.1603113404.A.A16.html
"
Spade (JACK),movie,[討論] 藍色恐懼-藍光開箱,Mon Oct 19 21:37:19 2020,8,"
前陣重映的藍色恐懼
藍光以前普威爾代理的已經絕版多時
采昌這次重壓片
補足當時上映第一週沒拿到膠卷收藏夾的遺憾嗚嗚嗚嗚

https://i.imgur.com/BiI58ZE.jpg
外紙套有護膜，不用擔心碰到水會濕掉

https://i.imgur.com/m3l39jV.jpg

https://i.imgur.com/wwH2RYI.jpg

https://i.imgur.com/wmaM6e7.jpg

其實這次的重點在特收
158分鐘裡面包含今敏講座&幕後花絮
這兩個部分大約佔兩個小時分量很足
也都有繁中字幕
之前板上也有文章整理重點
#1V7NBF7d (movie)

喜愛這部的真的值得入手

--
※ 發信站: 批踢踢實業坊(ptt.cc), 來自: 36.229.206.221 (臺灣)
※ 文章網址: https://www.ptt.cc/bbs/movie/M.1603114641.A.2E3.html
真的超有誠意
買起來，而且配合影片解說更認識這部電影
今天剛看完花絮想再重看一次電影
天妒英才...QQ

有 普威爾代理的

※ 編輯: Spade (36.229.206.221 臺灣), 10/20/2020 01:53:56
※ Spade:轉錄至看板 C_Chat                                         10/20 11:58
"
aaa2615 (呆寶),movie,[好無雷]親愛的房客,Mon Oct 19 21:38:10 2020,11,"
台北電影節與高雄電影節的觀後感，很喜歡親愛的房客，想推薦給大家。
電腦排版，還請大家見諒。・゜・(ノД`)・゜・。
縮小看比較順一點……抱歉抱歉……






----------------------微雷-------------------------






親愛的房客是一齣關於愛有不同的形狀、色彩、模樣的電影，
一開始以為只是在傳達同志與家的故事，
可是看完後深刻感受到片中所有由「愛」開始的情感，
都是我們真實生活會感受並面對到的，
只要有愛過人，不論是親情、愛情、友情等….，都會懂得這齣電影迷人的，
並不只是說出片中角色的故事與感情，
而是包含更深層每個人因為愛所可能經歷的情感與選擇，
和會面臨的難題；因為愛而相遇也可能因為愛而分離、
因為愛而快樂也可能因為愛而心碎、每個人的故事都這麼不同，
但卻可以和自己的生命歷程連結和共感。


因為每段關係或是自己角色的不同，面對愛時就會有不同的立場和掙扎，
那不只會發生在沒有血緣、名份的關係上，
有時候有血緣、名份的家庭中也會有很多衝突、埋怨、怨恨、不諒解，
只是當這個家在法律與社會定義非親非故且不被接受認同之下，
困難與痛苦相對會加倍很多並且彷佛不存在，縮小到很難被看見瞭解和被重視，


劇中健一反問檢察官
「如果我今天是女的，我先生過世了，我繼續照顧他們家，你還會問我一樣的問題嗎？」


平靜卻一針見血的帶出同志婚姻及家庭一直以來遭遇的困難與歧視，
雖然電影年代較早，但直到現在就算已經落實婚姻平權，
仍舊有很多困境、鴻溝真實存在著。多數人平凡的親子和婚姻關係，
為何在同志身上就要特別解釋或是被另眼相待，健一的憤怒與傷口都在告訴我們，
同志們曾經經歷或是現在還在走的路有多難有多痛。


記得在台北電影節看完時，我很喜歡電影裏頭每一個擁抱，
每一個擁抱都在傳遞著不一樣的濃厚溫度，有守護、陪伴、安慰、依靠、害怕、和解，
好像有了真心的擁抱就可以比較不害怕面對那些討人厭的事情。


在電影裡主角都有自己內心糾結與拉扯、情感的轉變、心境的轉折，
用愛瞭解、理解、諒解、化解再到和解，在愛裏所受的傷與傷害別人，
或是自己面對自己時，有時候反而是自己不能原諒自己，
如同健一對自己的過不去與對愛的人愧疚，在那場情慾戲裏，
我覺得那是最靠近健一的時候，因為愛而衍生的恨、憤怒、愧疚、悲傷、後悔、
遺憾、自責、思念、想念、孤單、寂寞等等……，
這些年來他壓抑藏在心裏最深層深處複雜的情感及思念終於崩潰釋放，
允許自己給自己一個出口與陪伴。


我看完覺得陪伴了故事中的角色同時，也深深感受到自己好好地被陪伴、被擁抱了，
如同有傑導演說的很久沒有被擁抱又或者很需要被擁抱的人，
更要進電影院看「親愛的房客」，每次看都可能會觸動不一樣的感情，
重重地落在心底，第一次看時有些感受來得太急太快，
滿到自己還來不及好好記得收藏就迎來了落幕，
而這次二刷時我收拾起遺落的感觸與感動一一放進心裏。


電影中很多對話及演員真實細膩真情流露的情感都很揪心、不捨，
也很喜歡戲中日常生活的畫面，自然而然感受到最純粹且親密的感情緊密相連，
親情的牽絆相伴很動人也很心痛、無怨無悔只要孩子幸福，生活如此平凡卻不易守護。
很喜歡健一和悠宇去山上度過再到訴說最後一個秘密的安排，
對健一來說，山上是背負許多不爲人知的秘密和被迫放手的起點，
也是充滿回憶的地方，雖然美好悲痛糾結在一起，
但是回到山中是無法選擇當中必然的選擇。


當愛以音樂傳達，那就像「在夢裏」這首主題曲，
如此讓人難忘想一直反覆播放、聆聽、哼唱，
像是跟家人之間不會再有分離，緊緊地被愛包圍著並延續下去，
如果我能安心飛翔，那也是因爲有你在身旁。


最後健一的情感內斂安靜卻格外有重量，他的心得到自由不再自責和自我束縛，
我想那是因爲愛與思念終於有了歸屬有了家。


就像有傑導演和小莫說的愛有很多形狀，當電影散場擦乾眼淚後，
如果我們的愛能變得溫柔點、心能柔軟些、更靠近更懂得珍惜，
並將更多溫暖傳遞給更多人，或多為他人設身處地著想並感同身受，
我想這也是其中一種愛的形狀。

--
※ 發信站: 批踢踢實業坊(ptt.cc), 來自: 106.105.24.150 (臺灣)
※ 文章網址: https://www.ptt.cc/bbs/movie/M.1603114692.A.BB6.html
※ 編輯: aaa2615 (49.216.23.189 臺灣), 10/19/2020 23:16:40
※ 編輯: aaa2615 (106.105.24.150 臺灣), 10/19/2020 23:50:39
"
orangehead (梅子媽媽),movie,[好無雷] 《幻愛》接納、傷口和愛情,Mon Oct 19 21:44:30 2020,6,"

看了《幻愛》 很喜歡

今年看了《怪胎》和《幻愛》 這兩部片裡面的主角都""有點怪""



但是後來更仔細一想 其實怪怪的人

往往一點都不奇怪   因為他們身上都有我們最陰暗的影子

我們不敢說出來、表現出來、讓別人知道的

其實往往是我們與他人最大的交集

那就是脆弱啊

脆弱卻又渴望被接住

渴望有一個人可以覺得你很特別

卻又將你的殊異看為十分平凡

這不就是我們每一個心底的願望嗎？




片中如果有條紅線或是金句  大概就是那句  「我不介意」

如果 如果我們都有一道傷口 一個瘡疤

是在影子裡的

那那句我不介意

是不是就是讓它可以呼吸的陽光？




被承接了以後才延續、才能生長、繼續面對

生命沒有變得比較輕鬆 困難沒有比較容易

但是好像我們也能夠不介意了



另外  這是部很""心理學""的電影

導演能把夢境的詮釋和精神病患的脆弱表現得十分細膩與深刻

片中真真假假的邊界讓人難以分辨

因為或許那就是精神病患者的日常和真實

導演能夠把愛與病的交融用影像語言拍得那麼美

真的太厲害了 每一個糊焦的美麗港島光影

都像是一個蔓延開來的夢境




另外男女主角的演技令人印象深刻

女主角沒有入圍金馬真是可惜

希望男主角可以一舉奪得最佳新演員獎

他的脆弱與恐懼真的很打動人心



喜歡片裡的浪漫不是只是建築在愛情上

而是建築在謊言與信任 虛假與真實 過去與現在

這讓愛有了更強大的疆界



--
※ 發信站: 批踢踢實業坊(ptt.cc), 來自: 114.43.182.136 (臺灣)
※ 文章網址: https://www.ptt.cc/bbs/movie/M.1603115073.A.260.html
"
LBJKOBE5566 (卍解曇花永綻螺巖),movie,[問片] 一部主角其實是備用複製人的西洋片,Mon Oct 19 21:49:24 2020,9,"

如題

小時候看到的
最近忽然浮現的腦海中
但怎麼想都想不到片名
故事大概就一群人因為世界末日（？）
被集中起來管理
大家唯一的樂趣是等抽獎
抽中可以去個天堂島還快樂島的地方
後來女主角被抽中
男主角剛好發現被管理的包括自己在內
其實是有錢人用來備用的複製人
後來逃出去把本尊給殺了（？）

大概劇情是這樣
煩請大家救救我失憶的腦袋
-----
Sent from JPTT on my iPhone

--
眼見那大限將至

只聞雷霸龍大喝一聲 隨即連踏七步

電光石火之間 就將那分數給取下了


--
※ 發信站: 批踢踢實業坊(ptt.cc), 來自: 126.168.37.156 (日本)
※ 文章網址: https://www.ptt.cc/bbs/movie/M.1603115369.A.64F.html
居然是黑寡婦演的 跟我印象中長的不一樣欸
我估狗了 有錢人複製人 跟複製人 世界末日 都沒有誰
再生
感謝大大！
創：光速戰記我好想有看過 是不是有戴頭盔賽車的橋段啊
※ 編輯: LBJKOBE5566 (126.168.37.156 日本), 10/19/2020 22:00:37
"
wwman (記憶拼圖),movie,[片單] 有血有淚令人感到悲傷的失意片或失戀片,Mon Oct 19 21:50:25 2020,16,"

1. 請簡述自身需求片單理由 或 欲尋找電影的類型或特徵（請盡量描述清楚）


  想找 失意 有血有淚 悲傷的 人與人之間的互動   有互相關懷 互相幫助


總之是電影劇情能讓人感到 非常有血有淚的 令人深刻的的人性刻劃即可


最後是喜劇 或者 悲劇 或者持平 都可以~~      失意 失業  失戀 等等題材也都可以~


把人生的苦處描寫得很好的




  前陣子終於看了一直很想看的題材 港片""麥路人"" 看完感觸滿深的 也挺難過


外加感動 大概是自己也有接觸跟了解社會底層那一面 所以感覺還算貼近 或者感到親切


然後也從這部電影得到一種慰藉  在這科技(手機)越高 越發達 越文明


人的距離就越被拉更遠   人與人之間就變得更多的冷漠    在這部電影或一些同類型


的電影(麥路人 東京難民 等等)裡面 找到一些 自己很想念的...古早味的...


人與人之間的互助情感 和  身為人似乎應該要保有的初衷...互相關懷 和 互相幫助等等


的人與人互動的基本情感



   本來是因為張達明 而想看這部電影   張達明是我最近看一堆TVB古裝劇 有一部

古裝喜劇 狀王宋世傑  後來再看到消息 竟然好像治療完癌症 狀況也變差很多 難過


另外也慢慢喜歡郭富城  從以前不喜歡他覺得有點花瓶 後來喜歡他 也是有挑戰 滿多有

意義的腳色   像這部麥路人  也算是有幫助且描述社會底層  意義非凡



2. 已知符合需求的電影或偏好的電影類型（為避免重複推文，請至少列舉一部）


麥路人

東京難民

奪命金(有點忘記  印象也是類似  電影描述  底層工作的苦處跟無奈)

失戀33天  (白百合 演的 把失戀過程描寫的挺好 挺寫實的)



3. 不喜歡的電影類型            （不需要板友推薦的電影片名）

太輕鬆 就簡單的變很正向    太平淡 太喜劇 很簡單就克服 那種 假希望 假正向

只有故事書 童話書 才會看到那種


比如    白日夢冒險王




或者始終保持正向 然後所有事情都一個被一個克服 太順遂  幾個打擊失敗

都沒有   根本太假






大佛普拉斯  這部平淡中藏有很多無奈 苦處 但是用大量留白 冷漠 沉默的意境

不是我想要的    我想要刻劃很深的   不要沉默   留白  不要抽象   高深




先謝謝大家熱心分享與討論~~

--
※ 發信站: 批踢踢實業坊(ptt.cc), 來自: 116.241.39.132 (臺灣)
※ 文章網址: https://www.ptt.cc/bbs/movie/M.1603115428.A.324.html
"
alston081920 (°．∴☆不要。驚動。愛.),movie,[新聞] 鄭秀文為《聖荷西謀殺案》增重5公斤控制,Mon Oct 19 22:51:03 2020,6,"
《聖荷西謀殺案》10/30台灣上映  文末有特映會贈票資訊

==============================================================================

m【新聞標】
鄭秀文為《聖荷西謀殺案》增重5公斤控制狂上身 「喜愛現在有點肉的自己」

香港懸疑電影《聖荷西謀殺案》由香港天后鄭秀文（Sammi）、蔡卓妍及佟大為合作演出，
電影改編自香港知名劇作家莊岩梅同名舞台劇作品，三人各懷無法見光的心事，而引發了
一場無法挽回的致命風暴。天后鄭秀文再度放下華麗面貌，化身為在美國努力生活的異鄉
人，一向清瘦的她，更為了電影中的主婦角色特別增重10磅（約5公斤），她完全不怕影響
美貌，信心十足的說：「我現在喜歡自己有點肉的身型，不像以前見到肉會很驚嚇啊！」

香港天后鄭秀文一向以華麗出眾的台風和仙風道骨的清瘦身型受到粉絲的歡迎，但這回演
出新作《聖荷西謀殺案》時，為了讓角色更加有血有肉，像個生活安穩的主婦，而且剛剛
懷了寶寶，所以她刻意增重約5公斤，她笑說：「沒有要變成大肥婆，而是希望憑這個體型
上小小的改變，讓觀眾沒有那麼容聯想到之前在大銀幕看習慣的，常演喜劇的Sammi。」

為了角色做足功課的鄭秀文一點都不介意為角色變胖，而且戲拍完了，並沒有立刻減重回
原貌，她表示隨著年紀漸長，不想讓身型看起來太瘦，「我現在喜歡有一點點肉的體態，
每個階段的我都有不同的想法，以前見到身上有一點肉都會很緊張的。」除了變胖一些，
她連角色走路的方式、說話語氣都做了調整，讓整體演出更貼近角色面貌。

鄭秀文表示接到《聖荷西謀殺案》的劇本時，真的很驚艷，「會覺得之前別人可能覺得我
沒辦法演出這樣的角色，必須要等待，現在終於有人給我機會了，我突然有一種，哇！幸
福來了的感受。」所以她立刻同意演出，「這角色很特別，能夠演出真的是可遇不可求，
我等了很多年，終於等到有人給我機會了。」

鄭秀文在《聖荷西謀殺案》角色極為複雜，亦正亦邪，雖然看似過生幸福的生活，但過往
隱藏許多黑暗的秘密，再加上對愛情極為重視，讓她逐漸走向控制狂的個性，有如港版《
控制》的女主角一般，不惜把自己和他人的生活搞得翻天覆地，甚至衝向你死我亡的悲劇
。她表示人生經歷比以往豐富，演出角色也較有說服力，她說：「以前我拍杜琪峰的電影
，大部分時間都不會提前拿到完整劇本，都是到現場才知道要演什麼，但近幾次的演出，
都在開機前收到完整的劇本，有充足的時間為角色做準備，我會在家演練幾次，到現場可
以充滿信心的演出，真的也看到自己不一樣的表現。」《聖荷西謀殺案》將於10月30日於
全台上映，更多電影資訊，請上「華映娛樂」官方臉書粉絲團查詢。

新聞網址：
https://www.chinatimes.com/realtimenews/20201014004940-260404?chdtv

預告：https://www.youtube.com/watch?v=a9IdCaJbfUs

==============================================================================

特映會資訊：時間10/22(四)19:00
            地點今日秀泰影城 (台北市峨眉街52號)

【贈票活動】

1.台灣發行商《華映娛樂》
  活動時間：即日起至10/18 (日)晚上23:59止
  https://0rz.tw/SriDP  (已截止)

2.秀泰影城
  活動時間：10/15(四)至10/19(一)
  https://0rz.tw/Y1xip  →245則留言

3.FB 鄭秀文SammiCheng台灣粉絲數據團
  活動時間：10/16(五)12:00-10/20(二)16:00
  https://0rz.tw/gBtKe  → 57則留言

--
※ 發信站: 批踢踢實業坊(ptt.cc), 來自: 180.217.154.20 (臺灣)
※ 文章網址: https://www.ptt.cc/bbs/movie/M.1603119065.A.76D.html
手機排版正在努力搶修＞＜我的手機APP找不到刪文指令，開電腦中
已修正完成^^
※ 編輯: alston081920 (220.136.52.198 臺灣), 10/19/2020 23:04:23
"
azman1018z (冷漠的旁觀),movie,[新聞] 大法師：公開完整版,Mon Oct 19 22:57:55 2020,3,"
新聞網址：https://www.4gamers.com.tw/news/detail/45207/the-exorcist-re-release
-in-taiwan

經典恐怖電影榜單常客回來了！魔鬼孩童恐怖片始祖《大法師：公開完整版》將在 10 月
 30 日起全台上映

《大法師：公開完整版》改編自 William Peter Blatty 同名小說，故事源自 1949 年羅
蘭多伊驅魔事件，劇情敘述一對單親母女開始在公寓裡聽見詭異的聲響，小女兒在毫無預
警之下被魔鬼纏身，感到身體不適，不僅口出惡言、焦躁不安，更做出許多小女孩不應有
的行為，母親帶著她看了許多醫生卻不見好轉，因此決定轉向兩位神父求助，希望透過宗
教的方式對抗邪靈。


OS：
萬聖節就看這部啦！
10/30感覺看鬼滅的人會很多
我還是先來大法師避難好了

--
※ 發信站: 批踢踢實業坊(ptt.cc), 來自: 61.230.60.244 (臺灣)
※ 文章網址: https://www.ptt.cc/bbs/movie/M.1603119477.A.D7D.html
"
tuhsiaofu (老虎桑),movie,[好雷] 無聲 The Silent Forest,Mon Oct 19 23:24:25 2020,7,"
當王大軍老師帶著張誠回學校時，畫面右上方出現一隻結網的蜘蛛，然後是翻飛的木棉絮..
....

這間學校/宿舍有著廢棄的廁所、體育器材室、游泳池跟走道末端的浴室，莫名的聲響自沉
默的森林中傳出，即使知道內情，也只能充耳不聞。

當一個吹哨者或是便宜行事，內心的天使與惡魔總在不斷爭戰，在猶疑之際，有可能成為又
一個鄉愿，或是共犯。

被害者跟加害者有時候是雙胞胎，憤怒與恐懼的出口就是找下一個代罪羔羊，然後夢魘般循
環，吞噬身心靈。

—·—·—·—·—·—·—·—·—·—·—

我一直等到《無聲》字幕跑完才離開，當下心情之沉重，實在難以形容......

1. 預告中，劉冠廷詭異的笑容有點誤導，不知道是不是剛演完菜頭的後遺症。

2. 劉子銓、陳妍霏、金玄彬的演出就不用我多說，那場醫院天台戲可以列入國片經典演出
；潘親御越來越有大人樣。

3. 化妝舞會五光十色、華麗炫目，相較之下，《歌劇魅影》電影版的 Masquerade 那場戲
根本災難！

4. 飾演警察的廖欽亮，是許多學生短片製作團隊熱愛的父親專業戶；汪建民的翁老師，嗯
！是爆點。

5. 電影中，有幾個畫面刻意加重音效，那種自四方包夾的環繞聲響，非常震撼，直逼人心
。

6. 外台歌仔戲正式戲齣前，通常都會有扮仙戲，內容不外乎福祿壽、蟠桃會、八仙過海，
最後還會撒糖果、零錢。
小時候，神明生日或有人還願，廟裡如果有放電影，一開始也會有扮仙片段。

7. 有一個學生帶著面具嬉戲的畫面，彷彿《童年往事》，又好像《囧男孩》。

--
※ 發信站: 批踢踢實業坊(ptt.cc), 來自: 122.121.115.130 (臺灣)
※ 文章網址: https://www.ptt.cc/bbs/movie/M.1603121067.A.9D4.html
天台？陽台？我傻傻分不清楚。
我也希望他得獎，希望他會出席！
感謝指正，是我腦補太嚴重XD
天台是一間廣場、一家戲院，也是周杰倫的電影。（來亂的~~~）
那我更要找《信號》來看，裡面還有趙震雄、曹政奭說！
為什麼要隔離28天？
原來如此！
※ 編輯: tuhsiaofu (122.121.115.130 臺灣), 10/20/2020 00:15:26
"
kenny1300175 (蘇湖),movie,[新聞] 「黑寡婦」多次延期 投資人喊「建議直接網路看」,Mon Oct 19 23:36:07 2020,26,"
新聞網址： https://stars.udn.com/star/story/10090/4947807
「黑寡婦」多次延期 投資人喊「建議直接網路看」

2020-10-19 21:27聯合報 記者陳建嘉／即時報導


漫威年度大片「黑寡婦」是「復仇者聯盟：終局之戰」、「蜘蛛人：離家日」之後最受注
目的娛樂大片，原定今年5月上映，卻被新冠肺炎疫情影響，延期至10月，眼見疫情從未
好轉，更進一步延期至明年5月，作為史嘉莉喬韓森的最後一部漫威電影，命運多舛，就
連迪士尼投資人都苦喊「不如直接上串流平台」。


根據「綜藝報」報導，迪士尼的投資人丹羅伯最近受訪時，主動表示「黑寡婦」不如直接
放棄院線發行，直接登上Disney+，此舉是為了打敗強敵Netflix，但報導也指出，倘若迪
士尼出這一招，那就代表戲院生態會更為艱困。


丹羅伯說：「我認為這些保守的高層不想在大規模電影上冒險，所以將「黑寡婦」延期至
明年5月，我並不欣賞他們這種遇到危機卻選擇逃避的做法，他們可以透過訂閱模式來推
動利潤的產生，從微軟、亞馬遜，都是一步步這樣過來的，這種模式是一定能夠獲益的。
」丹羅伯也更進一步提到Disney+的最大勁敵Netflix，「Netflix就有強大用戶基礎，讓
他們可以投資大量的內容並促銷，獲得更多的客戶，迪士尼還沒達到這個目標，所以得盡
快了，如果他們的用戶無法與之匹敵，那就代表他們與Netflix永遠無法抗衡」。


--
※ 發信站: 批踢踢實業坊(ptt.cc), 來自: 111.250.95.29 (臺灣)
※ 文章網址: https://www.ptt.cc/bbs/movie/M.1603121770.A.7E4.html
"
cyberia (狸),movie,[好雷] 海星   由你決定的奇幻漂流,Mon Oct 19 23:36:36 2020,1,"



奇幻影展的片子~~~~

這是一部很有意思(但也很容易睡著)的片

劇情很簡單   女主的好友過世了   在葬禮後

世界發生了一些異變  因此去尋找好友留下來的七捲錄音帶

來拯救世界。


有意思的是其中的涵義可以由觀眾來決定(腦洞)

可以是GE 、是 BE  也可以是小品克蘇魯災難片

還可以是人性探討的意識流

優秀的插曲  配樂  節奏尚可  女主角的詮釋演出也OK

幾幕比較沉浸的還有驚嚇點叫你起床 (- -)b

搭配一點小酒  可以輕鬆觀看

但如果心情不好我認為就不是那麼適合

















~~~~~~~~~~~~~~~~~~~ 雷文 主文分隔線 ~~~~~~~~~~~~~~~~~~~~~~~~~~~~~~~~~


我是比較偏向悲劇解讀的

無人的世界  就是Aubrey的心境

他的悲傷  後悔  罪惡感   化成無以名狀的怪物在世界裡摧殘

而他就是孤島裡的孤狼

大哥大對面的聲音  或許是嘗試幫助他的好友們

唯一的救贖就是重新走一次回憶中的地方

找到好友留下的錄音帶

最後在廣播電台  大哥大對面慌亂的聲音

Aubrey是自殺了隨好友而去  還是成功走出了悲傷和內疚?

不管怎樣  他或許都真正得到了救贖


這種可分裂的詮釋  或許就是所謂的海星吧。


--

魔法小常識:
""魔法師與魔寵之間的關係，有點朋友以上的意思，
不過因為物種問題，不可能戀人未滿就是了。"" 
 不過如果是妳，物種什麼的我通通不在乎。

--
※ 發信站: 批踢踢實業坊(ptt.cc), 來自: 42.74.162.124 (臺灣)
※ 文章網址: https://www.ptt.cc/bbs/movie/M.1603121802.A.6A2.html
※ 編輯: cyberia (42.74.162.124 臺灣), 10/19/2020 23:37:54
※ 編輯: cyberia (42.74.162.124 臺灣), 10/19/2020 23:38:42
"
sdudu (眼中還有火焰),movie,Re: [討論] 「刻在」票房破6900萬,Tue Oct 20 00:18:55 2020,20,"


 10/22 跟 10/27兩天 （都不是假日）
 香港電影節二場「刻在你心底的名字」
 是第一次上演
 一開賣就秒殺
 所有的位置都賣光 堪比台北部分影人出席場
 是連所有角度好或不好的都賣光了

 香港人知道 戒嚴 解嚴 嗎？
 將來不知道會不會在中國上 中國人知道 戒嚴 解嚴 嗎？

--
※ 發信站: 批踢踢實業坊(ptt.cc), 來自: 122.99.29.52 (臺灣)
※ 文章網址: https://www.ptt.cc/bbs/movie/M.1603124338.A.D9E.html
"
lurock001 (siang_hsu),movie,[好雷] 刻在你心底的名字 觀後感,Tue Oct 20 01:23:57 2020,16,"
HiHi(什麼老派式開場白)，這是我在PTT發布的首篇影評，其實寫影評／觀後感已經有段
時間了，一直以來的習慣也都只是在自己的社群平台上與朋友(還有網友)分享，原本只打
算在自己的Instagram分享，只不過這次寫了好幾篇的《刻你》觀後感，得到不少迴響(好
感謝這些人)，甚至意外地得到了昊森的按讚和敬驊的留言，得到這麼多共鳴和討論等等
，也促使我鼓起勇氣突破舒適圈，在PTT分享這篇觀後感，一方面也得到朋友的鼓勵，順
勢測試看看是不是能夠得到更多不一樣的討論(如果反應還不錯，會慢慢地把已經發在社
群平台上的文章轉發上來)。

廢話該結束了，以下正文開始

《刻在你心底的名字》觀後感
導演：柳廣輝 l 監製編劇：瞿友寧
主演：陳昊森、曾敬驊
一個眼神，一個試探的吻，一個屬於我和你的約定
導演藍圖，想寫歌給你的夢，那晚，我們相偎入眠
互換外套，交換心跳，想給你，專屬你的獨一無二
嫉妒心發作，孤立不安，是因為我在乎你，王柏德
隱蔽與躲藏，刻意疏遠，是我義無反顧的愛，阿漢
我的微笑，因有你而發光，喜歡有你陪伴， Birdy
我的笑容，因為太在乎你、心疼你而消逝，張家漢
晚安WAN AN，是曖昧記號，我說三次，你說兩次
三嘆對不起，無法再給你更多，還是必須保持距離
浴室激情，公共電話的潰堤，冷熱交織，心痛更劇
叫 Birdy 的人都瘋瘋的，但我漸漸地，喜歡你的瘋
我說你更瘋狂，為了愛，為了愛我，差點失守的口
我主動吻你，你主動親我，世界末日無法降臨那刻
因喜歡你而追逐，因心動而追隨，我和你，像飛鳥
如果有下次，我會再愛一次，相約再做彼此的主角

《刻在你心底的名字》有化為無聲的電影語言，不論是首尾呼應，藏有相隔隱喻的瀑布，
亦或是互換外套的曖昧舉動，不願將頭髮留長的記憶保存，公共電話兩端的問候落淚，在
熱和冷，失望和希望，美好與失落的戛然而止後，那晚剝核桃的清脆心跳，那夜在台北的
隱晦告白，那輛乘載著共同回憶的機車，那顆傳遞秘密情話的氣球，不願撥打救護車，唯
獨希望你出現的那次意外事故

全片沒有任何一句直接了當的「我愛你」，但我對你的心意已在眼神交會間傳遞，你也喜
歡我的悸動，也在肢體碰觸間得到感受。《刻在我心底的名字》，你的名字刻在我心底，
我如此掛心，我如此在意，藏在塵封的位置，若有一日被呼喚，我願聽見的那人是你的聲
音

「刻」這個字如此重要，是因為我們在彼此的那段歲月駐足，是因為我們在那頁揮灑我只
想給你的，你也只想回應我的，在不羈的時光，你我的吶喊，在心中迴盪，久而不止

本片如此深刻和動人，以及能夠製造如此龐大的後座力，很大部分必須讚嘆陳昊森和曾敬
驊的演技爆發，兩人的鮮明個性（無論戲外戲內）和獨特魅力，使得作品提升層次。陳昊
森飾演純情的張家漢一角，是導演柳廣輝在那段歲月縮影的代言人，完美演繹讓人揪心的
轉折，透過銀幕能感受到他的每個細胞每個輪廓都有張家漢的靈魂

曾敬驊飾演外放同時詮釋內心猶疑的Birdy一角，他把角色的雙重反差展現得恰如其分，
有別於在《返校》的演出，更加立體而出采，他的眼神實在是太會演戲了！（會掉進漩渦
的那種 <- 又是老派的形容。哈哈）

兩位主演猶如是《七月與安生》的翻版，拆開是鮮明具有特色的個體，合體又有1+1>2的
微妙化學反應和火花，撇除評價的好與壞，真心的謝謝他們各自把張家漢與王柏德發揮得
這麼好！

其他要角我則是相當喜歡王彩樺飾演的張媽媽，其中兩幕的表情細微變化，更是讓人見證
到為人母的溫暖，身為處在那個時空背景的傳統母親，縱使帶些不解，伴隨著難過，但這
個角色就像是自帶微弱的陽光，是安定的力量，這些細節的詮釋也讓人鼻酸。去年《陽光
普照》的溫貞菱殺進金馬獎入圍名單，今年的名單開出來很可惜沒有看到王彩樺，或許真
的就是少了那麼一點點運氣吧，可惜啊...

最後，再一次地讚嘆電影配樂，反覆聆聽後（串流平台、數位專輯已上架了，看完電影也
別忘了支持），真心的認為今年最讓人驚豔的配樂就是這片了！由侯志堅擔綱配樂譜寫及
音樂總監，通篇妥善的運用大提琴、小號，傳遞角色的心境和情緒起伏，透過音樂構築愛
意傳達的橋樑，聲音語言交織映襯著在那個令人窒息、無法勇敢表達愛的時代背景下，依
然不放棄追求愛的自由的靈魂。

配樂最迷人之處，就在於它沒有對白，沒有文字和意象，單憑音符跟旋律就能勾勒你的畫
面，大提琴和小號的碰撞，猶如阿漢和Birdy的眼神交會、眉目傳情，這就是配樂成功了
的證明！

「每個人心中都有一段刻骨銘心的愛情，都曾有一個名字，刻在了彼此的青春裡，不管過
了多久都一直深藏在心底」。監製編劇瞿友寧表示「去年我們說:『愛最大』，今年可不
可以讓我卑微的請求：『愛你我都一樣』！」

或許看一部電影不需要有多大的體悟，也不必要有多深的反思，但我認為《刻在你心底的
名字》傳達了一課－「教我們要有去愛一個人的勇氣，同時，教我們要具備相信自己值得
被愛的自信。」

以上內文就是我在社群平台分享過的觀後感，前前後後總共寫了七篇《刻你》的文章，一
篇比較正式的影評，還有數篇觀後感，包含兩位主演的獨立心得文（最後還有感而發寫了
一篇心情雜記），大家如果有興趣想看的話，我會再分享上來。Thanks 

--
※ 發信站: 批踢踢實業坊(ptt.cc), 來自: 39.11.165.109 (臺灣)
※ 文章網址: https://www.ptt.cc/bbs/movie/M.1603128239.A.816.html
※ 編輯: lurock001 (39.11.165.109 臺灣), 10/20/2020 01:25:56
※ 編輯: lurock001 (39.11.165.109 臺灣), 10/20/2020 01:33:39
※ 編輯: lurock001 (39.11.165.109 臺灣), 10/20/2020 01:45:35
※ 編輯: lurock001 (39.11.165.109 臺灣), 10/20/2020 01:48:21
謝謝你 ：D
家漢媽的細微表情變化真的很打動人心
配樂大推啊！！！
超愛小號TAT
愛死了！
真的有這種感覺！
敬驊就是在文章留言「謝謝你」，後面加上一個外星人的emoji
好！
咦，這邊可直接貼帳號資訊上來嗎？
※ 編輯: lurock001 (39.11.165.109 臺灣), 10/20/2020 17:16:50
"
w28956919 (chen su ),movie,[普雷]無聲 - 好看緊湊不冷場，但我更想看觀點,Tue Oct 20 01:51:10 2020,11,"


劇情很緊湊，很快的會把你帶到聾人的世界。
身為聽得到的人，本來就難以理解聾人，在這部片透過電影放大視覺、
鮮少對白及音效處理，讓觀眾暫時身處於聽障障世界。
整體而言是一部可以去戲院看的國片，一起支持國片。





~*-*~*-*~*-*~*-*~*-*~*-*~*-*~*-*~*-*~*-*~*-*~*-*






~~~~~~~~~~~~~~~~~~~ 雷文 主文分隔線 ~~~~~~~~~~~~~~~~~~~~~~~~~~~~~~~~~




版上一片好雷，但去電影院看後只覺得「還行」。雖支持國片，還是要平衡一下報導。
總結來說整部沒有冷場；但也沒有觀點，人物刻畫顯得不足。


#1 整部片除了把案件改編完，然後勒？
整部片最後就事「我們都不是壞人」，以很多事在一種灰色地帶結局。
但如果這就是整部劇主軸，這種模稜兩可的立論個人覺得有點無聊。
就像辯論，總是正方以及反方都要提出立論，並且有支持的觀點，
但這部確是跟我說兩邊都沒錯，所以大家都是受害者？
那我就好奇有什麼立論嗎？還是就陳述事實而已。


#2 人物刻畫相對模糊
整部片部分人物讓我有點難入戲。
我覺是整部戲想要把太多人物都刻畫完整；
結果卻每個人雖都刻畫了，但都有點瑕疵。
照理來說這部片講學生時期，大部分觀眾已經歷過，
應該能把角色投射到自己過去遇到的人身上，進而同理，但我卻無法。

寶弟
最後寶弟要變成加害者的部分，理解不能。
就整個共犯體系來說，一定超多人有寶弟這個經歷，畢竟體系高達百來人，
為何要偏偏選一個看似弱者，然後在個光天化日的情境
（畢竟連一開始的性侵都有用超多衣服遮了、還有都是變學長才開始帶頭做壞事）。
我也不懂他一開始爽快告發，後來又不幫貝貝的忙。
- 總結就是我跟寶弟很不熟

反派 - 小光
最主要的加害人，過去有段受性侵的經驗，陰影造成他現在的行為。
這整段邏輯好像很合理，但真實的世界沒有那麼簡單吧？
因為這個角色除了跟老師最後的對手戲，大部分都是人物側寫，
跟同學相處愉快、功課好、聰明、面對大人防衛心重、有點心理上覺得不被社會接納。
但要跟我說這個配方配一配就會變成性侵加害人？還是有點不懂？

小光的小夥伴
他們會覺得小光很可憐拿影片給張誠（主角）看，去博取同情。
看似合理，但他們早做過那麼多壞事，要的話也是爆打張誠一頓吧，
小光自殘，然後沒有一個脈絡跑去跟張誠說小光很可憐，是不是有點怪？

張誠、貝貝、王大軍
主線角色就幾乎能懂他們的想法，但有些情緒面處理覺得稍微粗糙。
像大軍在處理張誠舉報時的反應，
雖然冷靜點是教職的專業，但這種事情應該要馬上氣炸吧？
自己在學校連小打架都被訓話訓超久？打破窗戶就要罰站一整天了。
但我自己也不清楚聾人學校的狀況。
另外就不懂張誠當時會吃小寶弟，而不是中二爆氣？以他的人設應該要爆氣吧～
不過貝貝很可愛(一些不理性)。

#3 未完整呈現的社會結構問題
現實遠比電影更深刻
去查了真實事件以前的新聞。原始事件也高達92件性侵案，而且還持續了多年。
從這樣的故事改編，除了原本的資訊量就很大，真的去了解受害的內心應該也有難度，
所以這部電影在人物刻畫才會讓我覺得不足吧。
而且能不能從受害者身上了解事情的始末又是另一件事情，畢竟可能造成二度傷害。

更多深思的點
新聞裡包括更大的社會結構問題也是個值得深思的點。
電影只是在老師還有校長對話間稍稍提到，但再探討下去好像要做成另外一部片了。

我覺得沒什麼觀點的原因，是於這部戲只是陳述事實。
沒有更深刻的去站在角色面，看到這一切的荒誕；
也沒有從結構面討論社會問題，並以特定立場看事情。


原始的事件就參考以下連結：
https://tw.youcard.yahoo.com/cardstack/e06fde10-615d-11e7-bf20-3b3a1de9bfac/叫學生嫁給強暴犯%20台南啟聰學校集體性侵事件簿
https://tw.youcard.yahoo.com/cardstack/f9566b70-0f9b-11eb-8a6c-e973cdaf6346/《無聲》痛揭台南啟聰學校集體性侵案！92名被害特教生的撕心吶喊被聽見了嗎
「沈默」- 陳昭如

--
※ 發信站: 批踢踢實業坊(ptt.cc), 來自: 123.192.37.218 (臺灣)
※ 文章網址: https://www.ptt.cc/bbs/movie/M.1603129872.A.575.html
※ 編輯: w28956919 (123.192.37.218 臺灣), 10/20/2020 01:53:25
"
peachchoc (peach),movie,[選片] 消失的情人節 無聲 刻在你心底的名字,Tue Oct 20 02:35:20 2020,98,"

我明天要出國了，不知道什麼時候可以回來。
想要在離開前看部國片，請問大家最推薦哪部：

1. 消失的情人節
2. 無聲
3. 刻在你心底的名字


特定需求：
值得支持的國片。
不要超級暴力血腥 不要阿飄

個人偏好的電影類型：
不知道怎麼形容，應該是有幽默感（不會為了搞笑而搞笑）或是人設感覺很真實。

想得到+喜歡的電影：
紅磨坊 午夜巴黎 當哈利遇上莎莉 熟男型不型
搶救雷恩大兵 黑暗騎士 巴霍巴利2  末日之戰
兔嘲男孩 史瑞克123
婚姻故事

謝謝大家！
-----
Sent from JPTT on my iPhone

--
Good Luck.

--
※ 發信站: 批踢踢實業坊(ptt.cc), 來自: 1.171.161.62 (臺灣)
※ 文章網址: https://www.ptt.cc/bbs/movie/M.1603132526.A.F3A.html
"
abcdegg (ilove71n),movie,[問片]  阿兵哥的影片,Tue Oct 20 04:41:13 2020,5,"
如題

大部分的劇情內容和演員都忘光光惹

只記得影片後段有個連對連的對抗賽

要俘虜對方陣營獲勝

主角他們的戰術好像是

10個以上不打 2-9個裝做沒看到

1個人落單才出手

接著對方有個人落單

他們出手反而中了埋伏

最後靠一個原住民阿兵哥和他的朋友逆轉

補充一下

有點記得敵方陣營的班（連）長眉毛挺粗

對抗賽前好像被撕下來 最後貼回去

感謝各位大大

--
※ 發信站: 批踢踢實業坊(ptt.cc), 來自: 180.217.247.90 (臺灣)
※ 文章網址: https://www.ptt.cc/bbs/movie/M.1603140075.A.02A.html
對 感謝大大
※ 編輯: abcdegg (180.217.247.90 臺灣), 10/20/2020 12:22:53
"
mysmalllamb (小羊),movie,[好雷] 被告 Acusada (2018 阿根廷片),Tue Oct 20 05:18:40 2020,1,"
去年金馬影展上過一部 2019 法國法庭片《戴腳鐐的女孩》La fille au bracelet，雖沒上院線但今夏也上各大串流平台了；其實《戴》片是改編自另一部 2018 阿根廷懸疑片《被告》Acusada ，本週竟也在院線上映了！這兩片都在談神似 Amanda Knox事件的閨蜜兇殺案：原為閨蜜的被告女主與受害人因上傳情色錄影而起紛爭、曾經很少女地嗆過「我宰了妳」後也算和解了；但後來某天在受害人家開派對後、翌日中午左右她竟身中多刀死在床上！好死不死女主角習慣性在她家睡到近午起床、而且還有嗆聲構成動機、更因科學鑑識找不到其他嫌疑犯、於是矛頭全指向女主角！
https://pics.filmaffinity.com/Dolores-535998212-large.jpg


兩片都在講類似的懸案、都在打類似的官司、案情的關鍵疑點也大同小異、更討厭的是兩片都保留模稜兩可任人解讀的開放性結局。不過兩片著重點不同、表現法不同、視聽風格也不同、所要批判質疑的事物也不同：《被》片主打法庭外的媒體公關與風向、《戴》片主打紮實的法庭辯論；《被》片人人為了左右官司結果無所不用其極、《戴》片人人壓抑隱忍靜待司法程序釐清真相；《被》片角色熱情攝影華麗、《戴》片角色冷靜攝影極簡；《被》片充滿豪宅攝影棚名嘴脫口秀與雜誌專訪、《戴》片景觀則非常單一就只有 Jean Nouvel的南特法院高科技極簡建築！

同樣有趣的是兩片導演對女主角演員的選擇：《被》片選了 26 歲的阿根廷流行與舞曲天后 Lali Espósito 演開庭時 21 歲的女主角、《戴》片選了 18 歲初次演戲的素人演員 Melissa Guers，前者演技多變高調、後者演技沈靜神秘；無獨有偶，《被》片塑造了一對盡全力美化形象狂帶風向甚至煙滅證據的富裕控制狂父母、《戴》片則塑造了一對雙手一攤含淚陪伴靜候判決的小中產爸媽；甚至在法律辯論上，《被》片的辯論是非常激情鼓譟可帶風向的、是我也不敢相信這裡的司法，《戴》片的辯論卻是理性嚴謹檢辯分立切中核心的、其司法氛圍令人更加有信心！

這兩部一前一後雖然風格不同、在影評間都有難分軒輊的高評價！我對兩片的喜愛也難分高下，只覺得是「華麗熱情 vs 理性極簡」不同風情的發揮。雖然這兩片都沒明言致敬或取材 2007 年赴義大利交換時捲入閨蜜命案的 Amanda Knox，但我相信 30 歲以上西方觀眾看到這兩片都會不由自主聯想到她，畢竟兩片的官司亂象都與 Knox 案的多年纏訟有部分似曾相識：先拍的《被》片，也許再現了法庭外圍令人眼花撩亂的風雲、使得官司遠遠不止關於法律；後拍的《戴》片，則看來很有意地把這些華麗表象與亂耳風波都去除、直指就算「官司全關於法律」一樣令人惴惴不安！
https://fr.web.img6.acsta.net/pictures/20/01/13/10/48/2722327.jpg


以下專心談這部阿根廷片《被告》Acusada ：家裏富裕正在上大學、有志攻讀服裝設計正在申請巴黎學校的女主角 Dolores，兩年前在閨蜜家開完趴倒在她家睡死後、翌晨起床大約 11h30去接她弟弟放學、大約 12h20接到，誰知就在這段時間左右閨蜜被人發現陳屍床上、最後一個見到閨蜜活著的人就是她！更別說在犯案現場採集到很多她的 DNA、她當天穿的 T-shirt離奇消失凶器也遍尋不著，經鑑識判定凶器可能為裁縫剪刀後、輿論一面倒指向「她學服裝設計」就是裁縫剪刀手！更何況，她們本來就愛喝酒開趴、性關係也亂成一團、媒體輿論好多狗血素材可拿來獵巫...

於是，本片這「官司故事」的開場不是法庭、甚至全片恐怕有 80%都不是法庭 XD 而統統是各種公關門面形象塑造！她的律師不在意真相證據與推理，只不停指導她演出媒體疼愛的無辜少女形象；她每天沒在上學也也沒在研究案情，反倒都在購物治裝做造型、佈置客廳拍沙龍照、到處上節目接受訪談、在社區場合端莊亮相、爸媽幾乎已成了她的經紀人、律師幾乎已成了她的公關儀態顧問... 她身遭的世故大人看來早有意識更有共識：司法不可信、一切都只是表演，事實真相不重要、講個動人故事才重要，女兒是否真兇都是假議題、爸媽為女兒傾家蕩產的「愛」才是真議題！

當然，如果司法不受信任已被架空、只剩一場公關遊戲時，其實「遊戲規則」就在那邊誰都知道：妳就算打造自己端莊乖巧楚楚可憐、別人也知葫蘆裡在賣什麼藥，相對地對方處心積慮把妳打成淫婦婊子人盡可夫時、明眼人也看得出這只是公關戰爭的日常。此時，我們女主角 Dolores準備不按牌理出牌了，首先由剪頭俐落短髮開始，不再維持楚楚可憐受害者形象、而要轉當女強人做自己主人！這首先把爸媽和律師等一眾經紀公關型大人都給嚇到了。隨後她的生活要和誰交友、她的日常要出沒在哪裡、她的媒體露出要什麼樣子、甚至她在受訪時要怎樣抒發，都要做自己。
https://mx.web.img3.acsta.net/r_1920_1080/pictures/19/06/13/15/43/0796826.jpg


此片魅力就在這「做自己」的曖昧性與懸疑感：到底她只是個血氣方剛的少女不想再受父母與大人的擺佈、決定豁出去說真話做自己？還是她城府更深地知道父母都在做白工、而決定不按牌理出牌把公關戰升級、塑造一個沒人能夠捉摸的新形象？這件事既挑戰片中的社會大眾與陪審團、也挑戰銀幕前的觀眾們。我們觀眾畢竟還是比社會大眾更有「上帝視角」的，畢竟編導心裡可能還是有個「真相」的存在，而他們至少願意對觀眾呈現多一點 Dolores與身遭大人隱藏起來不願示人的秘辛。這秘辛，直到電影極後段時，才發生在兩個本片對觀眾相繼揭露的關鍵事件上：

第一個，是爸媽仍藏了秘密，甚至連對 Dolores與律師都瞞了：案發當天，Dolores 就把染了血的背包背回家、裡面裝著染了血的 T-shirt，這在第一時間可是令人超緊張覺得跳到黃河也洗不清的關鍵證物！於是爸爸驚慌了、也迅速下了堅定的決心：馬上把這包包丟到他們家農莊的井裡去，讓它隨河水一去不返，正如他們家傳統「將秘密告訴水井」永遠埋葬掉，然後當沒這回事全心打無罪辯護的官司。這件事，Dolores 自己也不知道，因此「證物不見」令她很困擾、也讓她在法庭與媒體前百口莫辯；但她對這件事自有自己的正當說詞，反而因爸爸自作主張煙滅證據而困擾。

第二個，是 Dolores也藏了個罪咎秘密，連對幫她拼命打無罪辯護的爸媽和律師都瞞了：她在案發當天從受害人家起床時，是有看見受害人已陳屍床上的！只是因為自己身為少女心慌意亂、不想接受事實更沒膽面對、因此匆匆收拾了自己東西趕快離開現場、好希望當這一切都沒發生過。當然，這是她聲稱她對法庭與媒體的隱瞞、也是她在片末對父親聲稱的真相，我們觀眾對於這「聲稱」有多真實還是值得存疑的，本片鏡頭給的回憶片段也有保持開放解讀的空間。重點是：我們觀眾在此知道 Dolores也是會說謊的，她的「做自己」也未必是真誠、而更可能是屬於自己的公關。
https://mx.web.img3.acsta.net/r_1920_1080/pictures/19/08/26/09/27/2023929.jpg


倒是 Dolores真正超越眾人眼界的，是跳脫爸媽律師與眾大人都緊抓不放的「形象工程」，決心另類出擊仍訴諸「法律」本身，於是在面對 Gael Garcia Bernal 飾演的談話節目主持人（阿根廷寶傑哥？）時大膽提出新見解：「這只是個無端的指控、其實完全沒有直接證據可以證明我、只有各種旁敲側擊建立我動機塑造我成為兇手」；我就大方告訴你們，「我有動機想殺她、但我沒有就是沒有」一切讓證據說話。唉唉，畢竟關鍵證據都沒了，這張訴求「忘卻形象、回歸司法」的理性牌一出，不但對自己萬無一失，連被嗜血媒體與激情大眾困擾已久的法律人們也不得不點頭。

這「回歸司法」，也許就是此片對其直指的 Amanda Knox事件所做的忠實致敬吧？Amanda Knox 是個花蝴蝶、被檢方與歐媒努力打臭為放蕩淫婦、也被辯方與美媒努力塑造為楚楚可憐的美國女兒，最後也真正是因「罪證不足」而獲判無罪、但真兇仍未找到也仍有許多人堅信就是她。這案子就這樣令辯方與其支持者欣慰地迎接他們的正義、卻讓受害人沉冤未解仍未能找到真兇。沒辦法，有別於銀幕前觀眾所期待的司法正義天理恢恢，真實世界的司法很多時候就是這麼有限：只要證據遺失了難以蒐證、或是證據在第一時間就被毀了沒人知道，若司法真理性嚴謹也只能冷靜放下。

到底本片這案是「證據遺失」還是「煙滅證據」，本片有藉爸爸之口給觀眾一個答案；倒是女主角 Dolores到底是「天真無辜」還是「城府極深」，本片不但不給答案，還讓她交出一場兩者結合的超強演技：她不管有沒有殺人、她都是身負罪咎的，這罪咎既然在她臉面肢體上隱藏不住、那乾脆別隱藏就大方流露出來。如果她真殺了人，那這罪咎就是殺人痛悔的罪咎，只懇求老天再多給她一個機會、讓她能瞞過陪審團重獲自由新生；如果她其實沒殺人，她也對當天看到閨蜜陳屍卻不敢面對的「轉頭就走」心懷罪咎、甚至想對受害人母親說聲抱歉，雖無辜但將背負罪惡過一生。
https://mx.web.img3.acsta.net/r_1920_1080/pictures/19/06/13/15/43/0754707.jpg


本片雖談本應冷靜理性的兇殺案官司，但片中世界與電影表現都是滿滿激情！女主角可以破浪而出解救自己的過人之處，正是超越激情回歸理性、超越形象工程回歸司法辯論，畢竟不管她卻不是兇手、證據與推理都站在她這邊、當然要號召大家「相信司法」呀 XD 此片華麗熱情、官司像一場馬戲、就看阿根廷天后女主 Lali Espósito 如何以百變演技駕馭這場馬戲！不過看完後我也懷念起改編本片的法國法庭片《戴腳鐐的女孩》，那片極簡清楚、官司就是場理性辯論、就看法國素人演員 Melissa Guers如何以平靜信心不變應萬變參與這辯論。推薦大家兩片都看、比較欣賞。
https://www.youtube.com/watch?v=ghQLldJRv2E

--
※ 發信站: 批踢踢實業坊(ptt.cc), 來自: 118.169.38.118 (臺灣)
※ 文章網址: https://www.ptt.cc/bbs/movie/M.1603142331.A.E74.html
※ 編輯: mysmalllamb (118.169.38.118 臺灣), 10/20/2020 06:16:47
"
CYKONGG (XXX),movie,[情報] 查德威克鮑斯曼遺作《藍調天后》預告海報,Tue Oct 20 05:38:18 2020,2,"
★《藍調天后》劇情簡介：

這是1927年的芝加哥。瑪雷尼（薇拉戴維絲飾）和雄心勃勃的喇叭手萊維（查德威克鮑斯
曼飾）在錄音室針鋒相對，氣氛逐漸緊張。白人經理也決心要好好管管這位充滿傳奇色彩
的「藍調之母」。本片改編自普立茲獎得主奧古斯特威森的劇作。



本片預計在今年12月18日於Netflix上線。


★正式預告：

https://youtu.be/cKm0seFgqkQ

★海報：

https://i.imgur.com/xVZc8Z6.jpg
https://i.imgur.com/vuLyxxv.jpg
https://i.imgur.com/cuH6b3k.jpg
https://i.imgur.com/G1TW105.jpg
https://i.imgur.com/vOzw7Wc.jpg
https://i.imgur.com/xD1ZgQd.jpg
https://i.imgur.com/5hSnKwB.jpg
https://i.imgur.com/7ng5Ie4.jpg



--
※ 發信站: 批踢踢實業坊(ptt.cc), 來自: 101.12.23.126 (臺灣)
※ 文章網址: https://www.ptt.cc/bbs/movie/M.1603143500.A.CB5.html
※ 編輯: CYKONGG (101.12.23.126 臺灣), 10/20/2020 05:43:46
"
WARgame723 (ss),movie,[新聞] 鬼滅劇場版三日票房突破45億日幣,Mon Oct 19 11:57:57 2020,5,"https://bit.ly/31ljpC3
 
史無前例！《鬼滅之刃劇場版 無限列車篇》三日票房突破45億日幣，有望打破多項紀錄
自去年《鬼滅之刃》動畫播出後，已經成為了席捲日本的現象級作品，而今年推出的劇場
版動畫《鬼滅之刃劇場版 無限列車篇》勢必會有不錯的票房。但，究竟可以賣的多好？
在上映的前三日也許可以看出一些端倪。
自本片於 16 日在日本上映後，官方所準備的 450 萬份的初回特典，由原作者吾峠呼世
晴所繪製的短篇漫畫「煉獄零巻」在很多戲院陸續傳出被索取一空。依據日本最新的票房
速報，《鬼滅之刃劇場版 無限列車篇》在前 3 天的票房突破了 45 億日幣大關，45 億
日幣這是個怎樣的數字？
由於《鬼滅之刃》動畫當時是在深夜時段播出，因此也被歸類在深夜動畫的範疇，讓我們
先來看看之前歷史上「總票房」前五名的深夜動畫劇場版作品。
《LoveLive! The School Idol Movie》28.6億
《劇場版 刀劍神域 -序列爭戰-》25.2億
《少女與戰車 劇場版》25億
《劇場版 魔法少女小圓 [新篇] 叛逆的物語》20.8億
《電影 K-ON!》19億

是的，《鬼滅之刃劇場版 無限列車篇》只賣三天就打破了所有深夜動畫劇場版的歷史票
房記錄，這已經相當驚人了。那麼如果不是深夜動畫呢？

以前三日票房來說，我們來比對一下近年在日本超賣座的動畫片

《冰雪奇緣》：9 億 8640 萬 5300 日圓（最終票房 255 億日圓）
《你的名字》：11 億 8000 萬日圓（最終票房 250.3 億日圓）
《名偵探柯南 紺青之拳》：18 億 8629 萬 2700 日圓
（最終票房 93.7 億日圓，柯南歷代最賣座）
《天氣之子》：16 億 4380 萬 9400 日圓（最終票房 141.9 億日圓）
《冰雪奇緣2》：19 億 4205 萬日圓（最終票房 133.5 億日圓）





因此可以看出，《鬼滅之刃劇場版 無限列車篇》不僅打破了所有動畫前三日的歷史票房
成績，更是以完全不同檔次的幅度領先，如果票房增勢不減，打破上述名作的票房記錄可
是非常有機會。

以日本自製的動畫片票房來說，目前歷史第一為《神隱少女》的 308 億日圓，第二名為
《你的名字》的 250 億日圓，第三名為《霍爾的移動城堡》的 196 億，《鬼滅之刃》能
否創造歷史？值得動漫迷們關注。



更新官方數據，46億
https://news.yahoo.co.jp/articles/b3dc94a094cb6549481aa99cf538e1ad13bd9d65

---------------------------------------------------------------



日本動畫在全球票房的最高紀錄是你的名字的3.69億美金，鬼滅之刃有機會突破嗎？



--
※ 發信站: 批踢踢實業坊(ptt.cc), 來自: 223.141.159.189 (臺灣)
※ 文章網址: https://www.ptt.cc/bbs/movie/M.1603079879.A.3B4.html
※ 編輯: WARgame723 (223.141.159.189 臺灣), 10/19/2020 12:01:47
※ 編輯: WARgame723 (223.141.159.189 臺灣), 10/19/2020 12:02:56
"
CYKONGG (XXX),movie,[新聞] RDJ爆料漫威為省CG錢要他戴回鋼鐵人頭盔,Mon Oct 19 11:59:48 2020,36,"
「鋼鐵人」小勞勃道尼曝漫威為省錢而減少使用CG   戴上鋼鐵人頭盔好像瞎了一樣

https://i.imgur.com/pIjyMiC.jpg

漫威電影宇宙經典演員小勞勃道尼（Robert Downey Jr.）主演的「鋼鐵人」一角深入民
心，真人跟角色幾乎劃上等號，影迷相當不捨他在劇中離世以及卸任，天天盼望著有天小
勞勃道尼仍會穿上「鋼鐵人」的戰衣再次出現。日前小勞勃道尼在節目中再次講到2008年
首次拍攝《鋼鐵人》的趣事。

https://i.imgur.com/LW87kDZ.jpg
▲當主持人問到「鋼鐵人」的頭盔時，小勞勃道尼大笑：「這是個極為出色的問題！」


《鋼鐵人》是漫威電影宇宙的首部電影，也為MCU揭開嶄新序幕，日前小勞勃道尼獲邀出
席節目《My Next Guest Needs No Introduction》，談到2008年首次拍攝《鋼鐵人》時
所戴上的頭盔。

https://i.imgur.com/qhmqw2A.jpg
https://i.imgur.com/DOyF3to.jpg
▲原來小勞勃道尼在拍攝首集《鋼鐵人》時，所戴的頭盔都是真的而非CG。


小勞勃道尼聊到當時的第一個頭盔並不是以CG後製而成。「一開始全部都是真的，因為他
們想在CG上花最少的錢，而當我戴上這個頭盔時，我是完全看不到任何東西的，真的是什
麼都看不見。而當我穿上整套戰衣時，他們會提醒我：『道尼，你現在要降落了，你就像
機械人一樣向前行就可以了。』但其實我戴上頭盔後，在整個被遮蔽的狀況下，我什麼也
看不到，然後那些LED燈就亮了，變成《The Manchurian Candidate》。（註︰一部電影
，講述一個政治世家出身的年輕人，被共產黨洗腦且受人控制，變成殺手）」

https://i.imgur.com/sRqzJQD.jpg
▲小勞勃道尼笑言自己當時什麼都看不到，像個被人洗腦且受人控制的殺手。


不過來到拍攝《復仇者聯盟4：終局之戰》時，劇組有問他：「道尼，你介不介意戴上頭
盔進行拍攝嗎？好啦～」結果小勞勃道尼拒絕了兩次，並回應：「不要！你就在我的眉上
畫兩點（作動作捕捉），你就可以後製頭盔給我吧！」小勞勃道尼的回覆真的霸氣，不過
眼看漫威這幾年也賺了不少錢，演員不想再戴上頭盔、讓自己在什麼都看不見的情形下拍
戲似乎也很正常。


https://i.imgur.com/L6h1rv1.jpg
▲首集《鋼鐵人》的其中一套戰衣。


https://reurl.cc/7oVa1b

--
※ 發信站: 批踢踢實業坊(ptt.cc), 來自: 101.12.23.126 (臺灣)
※ 文章網址: https://www.ptt.cc/bbs/movie/M.1603079991.A.DAF.html
"
qpr322 (龍魚),movie,[新聞] 房祖名執導！郭采潔 & 陳柏霖《北京晚9朝5》中國定檔,Mon Oct 19 12:05:52 2020,34,"
新聞網址：http://news.mtime.com/2020/10/19/1604390.html#p2

今日，都市愛情電影《北京晚9朝5》曝光定檔海報，宣布將於今年12月24日（中國）上映
。該片由陳柏霖、郭采潔、夏侯雲姍、魏巡、姜超等演員出演。

該影片講述在北京有一個叫“愛樂”的夜場，阿倫（陳柏霖 飾）在“愛樂”擔任營銷經
理，面對形形色色的客人阿倫工作得十分順利。前女友夢捷（郭采潔飾）突然以新聘任的
經理身份出現在“愛樂”，兩人亦敵亦友，在工作中發生了許多啼笑皆非的事情，一場心
照不宣的脫單之戰驟然展開……

片方發布的聖誕風格海報展現了溫馨的聖誕氣息。同時，海報中可以看出陳柏霖、郭採潔
兩位主演神態也都是明明互相喜歡著對方，卻又表面矜持放不下，增添了一絲的距離感。
除了片名《北京晚9朝5》外，結合slogan：“有情人終成眷屬”，明確了電影的愛情主題
。

https://i.imgur.com/5gJVeaq.jpg
https://i.imgur.com/fIDB5dz.jpg


---

海報上都沒寫導演名字


--
※ 發信站: 批踢踢實業坊(ptt.cc), 來自: 123.194.103.31 (臺灣)
※ 文章網址: https://www.ptt.cc/bbs/movie/M.1603080354.A.274.html
"
hvariables (Speculative Male),movie,[新聞] 蔡明亮《天邊一朵雲》李安感受憤怒,Mon Oct 19 12:58:10 2020,24,"
https://www.chinatimes.com/newspapers/20201019000571-260112?chdtv

蔡明亮《天邊一朵雲》李安感受憤怒

04:10 2020/10/19 中國時報 李承陽

https://images.chinatimes.com/newsphoto/2020-10-19/900/BBC300_P_02_02.jpg
李康生（左起）、陸弈靜、蔡明亮3位老戰友昨日合體現身。（高雄電影節提供）

高雄電影節18日舉辦《天邊一朵雲》15周年特別放映，除導演蔡明亮與男主角李康生外，
今年擔任電影節國際短片競賽評審的陸弈靜，也在評審行程開始前提早南下與劇組會合，
一同回味電影重返大銀幕，高雄電影節也特別找到當年製作片中道具西瓜傘的廠商重新復
刻製作，在放映前送給3位影人。

映後座談時，蔡明亮回憶起當年拍攝《天邊一朵雲》的經歷，說像是反映自己的心境，他
在作品中不是給出答案，反而是提出問題，激發大眾的對話，就連國際名導李安看過片後
也對他說：「你的電影太憤怒了。」電影對情色產業深入凝視，結合現代人孤寂的慾望與
心境，在柏林獲獎後也在台灣引爆話題，蔡明亮提到海報送審就走了4趟，當時新聞局還
特別找來公民投票，最後決定一刀未剪上映。

特別的是，電影分級審核嚴謹的日本，常以噴霧處理露骨畫面，但日本方面認為《天邊一
朵雲》不是A片，而是1部電影，最後在日本無須經特殊處理，完整上映。至於新片《日子
》何時上映？蔡明亮預計會落在明年上半年，等疫情退燒後，他又將如以往一樣親自上街
賣電影票。

--
佛沒說小乘、大乘。上座部佛教馬哈希尊者帝釋所問經講記77頁拆穿假佛法大乘的騙局。
上座部佛教明昆《南傳菩薩道》是真釋迦牟尼佛的菩薩成佛之道 大乘是假菩薩成佛之道
妙法蓮華經、華嚴經、心經、金剛經、梵網經(菩薩戒)、圓覺經、楞嚴經是大乘假佛經。
阿彌陀佛 藥師佛 大日如來是大乘假佛       觀世音 維摩詰 龍樹 地藏王是大乘假菩薩
https://www.ptt.cc/bbs/soul/M.1584460614.A.E88.html
上座部佛教目犍連子帝須和那先破偽經大乘十方諸佛

--
※ 發信站: 批踢踢實業坊(ptt.cc), 來自: 114.45.82.88 (臺灣)
※ 文章網址: https://www.ptt.cc/bbs/movie/M.1603083499.A.AAE.html
"
AisinGioro (愛新覺羅。溥聰),movie,Re: [討論] 鬼滅有可能進入今年全球票房前十名嗎?,Mon Oct 19 13:00:16 2020,0,"

目前票房三是
八百壯士 四億四千萬
絕地戰警 四億兩千萬
天能 三億三千萬

第十是極地守護犬 ㄧ億六百萬
第十一 木蘭 六千六百萬

破十根本輕鬆吧 日本票房就能破十了

--
※ 發信站: 批踢踢實業坊(ptt.cc), 來自: 27.52.126.48 (臺灣)
※ 文章網址: https://www.ptt.cc/bbs/movie/M.1603083618.A.AE4.html
"
breaststroke (Breaststroke),movie,[討論] 片頭廣告房地產變多了...,Mon Oct 19 13:08:09 2020,17,"
以前片頭廣告都是播一些政府活動，
或是新電影宣傳，
最近去威秀看，
接連置入兩個A7跟新竹的房地產廣告，
覺得這樣很不ok

--
※ 發信站: 批踢踢實業坊(ptt.cc), 來自: 223.136.16.196 (臺灣)
※ 文章網址: https://www.ptt.cc/bbs/movie/M.1603084091.A.4D6.html
"
a86425380 (瑞斯叔叔),movie,[片單] 有沒有姐弟戀的電影(有點年齡差那種,Mon Oct 19 14:08:59 2020,87,"
如題

有沒有什麼主角是姐弟戀的電影

最好女方大個十歲以上的那種

五歲以下沒什麼差就不用了

求推薦

不限制國家
----
Sent from BePTT on my Samsung SM-J600G

--
※ 發信站: 批踢踢實業坊(ptt.cc), 來自: 117.19.224.187 (臺灣)
※ 文章網址: https://www.ptt.cc/bbs/movie/M.1603087741.A.100.html
"
dream548393 (泰ドラ),movie,[討論] Win系統上觀看Netflix方式,Mon Oct 19 14:35:19 2020,30,"
Win10的環境下
要看netflix
是用網頁版
還是
微軟市集下載netflix程式

有沒有人知道差別在哪裡
我上網找資料
卻沒看到任何比較
netflix官網也沒有說明

不知道那種觀看方式
比較方便


--
※ 發信站: 批踢踢實業坊(ptt.cc), 來自: 42.76.11.246 (臺灣)
※ 文章網址: https://www.ptt.cc/bbs/movie/M.1603089321.A.A2E.html
"
CYKONGG (XXX),movie,[新聞] 《神力女超人2》能如期上映？導演沒信心,Mon Oct 19 15:02:32 2020,16,"
《神力女超人1984》或無法在聖誕節如期上映

https://i.imgur.com/oNrW8Le.jpg

幾天前，《神力女超人1984》導演派蒂珍金斯曾表示寧願讓電影延後上映，在聖誕節時進
入電影院也不願意在此時直接登上串流媒體，這也是該片的第六個上映日期。而如今她又
乾脆表示，在疫情期間，一切的一切都變得不確定了。


在接受媒體採訪時，《神力女超人1984》導演派蒂珍金斯表示：「對於大家都關心的電影
上映日期，由於整個行業都必須採取各種臨時措施來應對這種巨大的疫情，因此發生任何
事都不奇怪。我們已經習慣了一天一個狀況、甚至一小時一個狀況，這就是我們面對的現
狀。」

https://i.imgur.com/Gg6sArc.jpg

珍金斯還表示她感覺對這部原本計劃在2019年11月1日上映的電影缺乏掌控。


「這簡直太超現實了。最超現實的就是這本來是按部就班的，簽一部電影，編一部電影，
導一部電影，做一部電影，然後電影上映了，OK！去拍下一部。現在呢，我花了三年去做
這一件事，一星期做滿七天，到現在卻還是什麼都沒有，一點跡象都沒有。」

https://i.imgur.com/rOIpe2z.jpg

派蒂珍金斯仍然對在聖誕檔期上映抱有期待，但她還是補充表示「沒有人對這個檔期抱有
信心」。她表示：「這件事太奇怪了，我們本來可以好好的探討細節、彼此分享體驗，然
後就能回家打掃與煮飯。真不知道新冠疫情會發展到什麼地步。」

https://i.imgur.com/EG5A3Sh.jpg

《神力女超人1984》導演：戲院可能從此消失


https://i.imgur.com/LhvgR2C.jpg


《神力女超人1984》導演派蒂珍金斯警告，在疫情絲毫未曾減緩之下，戲院有可能就此從
世上消失。


在《007生死交戰》宣佈延至明年4月上映之後，全球戲院業無不哀嚎遍野，而全球第二大
連鎖戲院Cineworld也隨即宣佈無限期關閉旗下所有英美影廳，並可能有多達五千五百人
因此失業。

https://i.imgur.com/0HCvUAz.jpg

拜疫情之賜，《神力女超人1984》至今已三度延檔，目前訂於2020年12月24日在台上映。
派蒂珍金斯如今也公開向政府喊話，希望政府出手拯救搖搖欲墜的戲院業，否則人們恐怕
再也無法進戲院看電影了。


派蒂珍金斯向路透社解釋道：「如果戲院關門了的話，就再也無法恢復原狀了。我們可能
會永遠失去戲院觀影體驗。我們可能步上音樂界的後塵，若是它變得無法獲利的話，整個
業界都會為之崩塌。」

https://i.imgur.com/S85NIMX.jpg

派蒂珍金斯表示，在戲院接連關門之下，好萊塢片商恐怕不會再投資那些專門為戲院而拍
的電影，而是改為投向串流的懷抱。如此一來，觀眾就很難再看到像《神力女超人1984》
這樣的鉅資大片，也會就此失去跟眾人一同欣賞大銀幕的群體觀影經驗。


派蒂珍金斯強調：「如果你只能讓自己的孩子們在家中客廳裡看電影，或是從此少了一個
約會的好去處，我想我們都不願意活在這樣的世界裡。」

https://i.imgur.com/AFnj5lC.jpg

在眾多大片紛紛再度延檔之下，《神力女超人1984》儼然已成為2020年碩果僅存的最後一
部商業大片。派蒂珍金斯表示：「我真心希望我們會是最早回歸的電影之一，也讓電影就
此重回到每個人的生命裡。」


儘管坊間盛傳，《神力女超人1984》有可能會轉戰串流平台或隨選視訊，但派蒂珍金斯則
在推特上鄭重澄清：「我們從來不曾討論過直攻串流一事。我們仍然百分之百支持戲院觀
影體驗，並力挺我們所深愛的戲院業。」


https://reurl.cc/9XnejY
https://reurl.cc/r83GWE

--
※ 發信站: 批踢踢實業坊(ptt.cc), 來自: 101.12.23.126 (臺灣)
※ 文章網址: https://www.ptt.cc/bbs/movie/M.1603090954.A.551.html
※ 編輯: CYKONGG (101.12.23.126 臺灣), 10/19/2020 15:08:35
"
hebeshaman (Hebe),movie,[討論] 會擔心【親愛的房客】的票房嗎?,Mon Oct 19 15:56:52 2020,31,"
看了親愛的房客的預告

也看了一些人的心得

聽說共通點都是要帶大包衛生紙 會很好哭


但感覺親愛的房客 沒有刻在的那種鋪天蓋地的宣傳

連導演好像都只奢求票ﾩ虷釣滮T千萬就好



但私心總希望房客的票房 可以跟刻在一樣好

我是不是擔心太早了?

大家也會擔心親愛的房客的票ﾩ迠
--
※ 發信站: 批踢踢實業坊(ptt.cc), 來自: 111.251.22.100 (臺灣)
※ 文章網址: https://www.ptt.cc/bbs/movie/M.1603094214.A.1F4.html
※ 編輯: hebeshaman (111.251.22.100 臺灣), 10/19/2020 15:57:55
"
f1935tpl (三民李連杰),movie,[經典好雷] 成龍 經典電影回顧 《奇蹟》,Mon Oct 19 16:18:57 2020,8,"
一部電影拍得好不好看  就是用它呈現給觀眾的成品來評斷

導演/編劇/演員私底下放假時間講什麼做什麼  完全不可以牽扯到電影成品上面去

一個專業的觀影人或影評  熱愛電影的真心與評論電影的專業度會在字裡行間不證自明

反之

只會拿錢辦事的商業寫手與工讀生  終其一生都無法達到此等高度與成就

言盡於此

請所有人都客觀理性討論電影本身

謝謝



今天繼續介紹成龍的經典電影:《奇蹟》

https://youtu.be/VgNRqAe8yPY


很多網友在三民李連杰之前的文章中留言

說《奇蹟》是成龍各方面完整度最高的電影

三民李連杰也非常贊同


電影中

成龍飾演的振華從鄉下到香港找工作

無意中跟賣花婦人買花之後

一切順風順水還誤打誤撞成為了黑幫領袖

但心地善良的振華決定帶領一眾黑幫兄弟改邪歸正

後來開了正派生意的夜總會

捧紅了梅艷芳所飾演的楊露明

兩人隨後墜入愛河

振華用自己的功夫與實力令所有黑幫兄弟心服口服

也用仁義道德感化了敵對黑幫化敵為友

而當初賣給振華花的賣花婦人因為辛苦供女兒到上海讀書

女兒與富豪的兒子相愛

富豪於是到香港要找賣花婦人談論兒女婚事

賣花婦人擔心她的賣花身分會影響女兒幸福

熱心助人的振華與露明出錢出力將她打扮為貴婦

歷經千辛萬苦幫忙成全了賣花婦人女兒的婚事

最後實現了賣花婦人當初如同奇蹟般的願望



這部電影也是少數成龍嘗試的不同類型電影

像三民李連杰上一篇文介紹的《龍的心》就是成龍與洪金寶開始嘗試走文藝感情元素路線

而這篇文介紹的《奇蹟》則是成龍嘗試過將最多元素與路線置入並達到最全面的電影

因此

我們在看《龍的心》與《奇蹟》時

真的能看到不一樣的成龍電影風格

兩部電影也都是在1985-1990這段成龍事業巔峰初期所拍攝製作的作品

我們也可以在電影中窺探東方好來汙-香港電影產業巔峰的實力與成就


一個沒有欣賞看過成龍經典電影的人

應該不能稱為一個專業的觀影人或影評

三民李連杰建議趕快去找二手VCD或DVD來珍藏

一窺國際巨星與我們台灣女婿:成龍的經典電影


三民李連杰告辭

謝謝

--
高雄三民李連杰
顧名思義來自高雄三民
偶像是功夫皇帝李連杰
可能是從小看李連杰的電影看久
耳濡目染之下長大後也變得像李連杰一樣帥氣
常被高雄三民的單身少女少婦誤認為李連杰本人

--
※ 發信站: 批踢踢實業坊(ptt.cc), 來自: 111.248.118.3 (臺灣)
※ 文章網址: https://www.ptt.cc/bbs/movie/M.1603095542.A.84F.html
"
KIMBEOM (HYYY),movie,[討論] 「刻在」票房破6900萬,Mon Oct 19 16:22:33 2020,150,"
上週票房持續穩坐冠軍，破6900萬，超越「誰先愛上他」票房，應該就是今年的國片冠軍
了吧？

這週結束應該就破8000萬了，目前最高是「可不可」7800萬。

--
※ 發信站: 批踢踢實業坊(ptt.cc), 來自: 118.160.86.60 (臺灣)
※ 文章網址: https://www.ptt.cc/bbs/movie/M.1603095755.A.EBE.html
※ 編輯: KIMBEOM (118.160.86.60 臺灣), 10/19/2020 16:25:58
"
cwc5566 (張無忌5566),movie,[問片] 應該是一步周星馳的電影,Mon Oct 19 16:40:31 2020,2,"
印象中有周星馳
有個橋段是大哥要小弟剁手指
小弟問大哥手指甲可不可以

請問這個橋段是出自哪一部電影

--
※ 發信站: 批踢踢實業坊(ptt.cc), 來自: 122.117.38.240 (臺灣)
※ 文章網址: https://www.ptt.cc/bbs/movie/M.1603096833.A.4A2.html
"
chirex (請叫我大魔道士),movie,Re: [討論] 鬼滅有可能進入今年全球票房前十名嗎?,Mon Oct 19 16:42:06 2020,9,"
※ 引述《nanachi (上善若水)》之銘言：
: 鬼滅在日本上映三天，創下四十五億日幣的驚人紀錄，而目前全球電影票房第十名是隱形
: 人，約1.347億美金，如果鬼滅票房突破160億日幣便能超過之，版友覺得有機會嗎?

應該不是沒有可能，

日本下半年沒啥強作要上檔，

而且因為疫情的關係，

電影院生意慘淡，連帶周邊生意也是下滑，

朋友在日本留學的說，沒看過日本這麼慘過，

連在歌舞妓町專門拉外來客的逆桑，

也就是一堆中國學生在兼職的，

最近也全滅了。

因為沒有外國遊客啊。

本來今年2020應該是日本東奧盛世，

觀光旅遊要大爆發，大家都在摩拳擦掌準備狠撈一票的。

那想到，鬼真的來了？

一個中國武漢肺炎把全世界都打趴掉了。


這時候『鬼滅之刃』根本就被日本動畫，不是，是日本人

看成救世主了。

【鬼滅之刃】啊!!!

多吉利啊??

打倒小物臭的維尼，不是，是無慘~!!



所以看個鬼滅消消業障，消惡除疫，

去除惡鬼纏身，

真的很符合目前的世界潮流。


很應景啊~~~


尤其是那個人說的，

『我不會讓在場的任何一個人死掉』


然後戰到最後一刻也不倒下的精神，

真的很符合日本人現在的需求。





--
※ 發信站: 批踢踢實業坊(ptt.cc), 來自: 59.125.46.247 (臺灣)
※ 文章網址: https://www.ptt.cc/bbs/movie/M.1603096929.A.9AB.html
"
hy654YOH5566 (乂家豪 癢５６乂),movie,Re: [分享][有雷] 星際效應機器人紙模型DIY,Mon Oct 19 16:52:12 2020,50,"
原文恕刪

最近星際效應重映

覺得裡面的機器人很有趣

板上有人分享自製的模型

以下我也分享我的改良版機器人




材料：

標準版圖檔
http://progue.co/paperstellar/

我是把PDF檔直接拿去超商印

選擇A4彩色列印  紙張選特殊用紙

https://i.imgur.com/fgcRk1X.jpg

準備18顆10x1mm的強力磁鐵(書局有)

之前看到有人用雙腳釘或鐵絲之類的材料當旋轉軸

但以我手殘程度一定會把它戳爆 而且軸心位置量錯就GG啦！

這次用磁鐵代替 活動度高 免穿洞！




製作：

將紙剪下後一樣把實線處折好

https://i.imgur.com/ETpN7ep.jpg

然後用磁鐵暫時固定  大概抓一下位置

測試活動度  看看有沒有對齊  會不會長短腳之類的

抓好之後直接用膠帶黏起來

https://i.imgur.com/kpaXYzc.jpg

最後再把機體黏好就完成了～




成品：

https://i.imgur.com/sD1VQlg.jpg

TARS
https://i.imgur.com/gEq1QD1.jpg

CASE
https://i.imgur.com/29KsYZy.jpg

KIPP
https://i.imgur.com/zr7kjuh.jpg

https://i.imgur.com/cV3UhP1.jpg

製作這些模型挺耗時的

但看到成品覺得療癒

不知道有沒有神人可以做出可伸手的XD

感謝大家收看～

--
※ 發信站: 批踢踢實業坊(ptt.cc), 來自: 1.165.121.104 (臺灣)
※ 文章網址: https://www.ptt.cc/bbs/movie/M.1603097535.A.BC5.html
西卡紙就可以了
※ 編輯: hy654YOH5566 (1.165.121.104 臺灣), 10/20/2020 11:29:09
"
ultmisia (魔女),movie,[討論] 王柏德，余守恆，誰比較渣,Mon Oct 19 16:56:00 2020,-1,"
王柏德，余守恆，誰比較渣
一個是刻在你心底的人
一個是盛夏光年的王者
二人都是扮豬吃老虎的能手

余守恆
用體育生裝憨憨
和慧嘉裝為璧人
但車禍還是找康正行
為了報恩
直接進入康正行

嗯
光喝醉就能硬嗎？
而且前面還有大量前戲
吻著那麼歡
這感情應該不是恩情和友誼吧？

王柏德
一直當楊過去撩人
還是在生死關頭下找了阿漢
浴室裡還是可恥的硬了！

然後就是持續裝直男
想拉去主流價值

直到三十年後才直白說
當時真的愛你
為什麼是愛
而不是說保護
是心中也有愧嗎？

這二人，誰比較渣

--
※ 發信站: 批踢踢實業坊(ptt.cc), 來自: 223.136.166.84 (臺灣)
※ 文章網址: https://www.ptt.cc/bbs/movie/M.1603097762.A.9A4.html
"
l81311i (),movie,[討論] 廖明毅如果得最佳新導演是否勝之不武?,Mon Oct 19 17:23:34 2020,6,"
廖明毅是怪胎的導演
入圍本屆金馬最佳新導演
我很喜歡怪胎這部片
原本也希望廖能夠得獎
但是剛剛做功課時發現
廖明毅的過往履歷
說是台灣影壇的御用槍手也不為過

2011年 那些年我們一起追的女孩 執行導演、剪輯
2013年 阿嬤的夢中情人 剪輯
2016年 六弄咖啡館 執行導演、編劇
2017年 吃吃的愛 執行導演、編劇


上面這些片除了阿嬤之外
廖都是擔任執行導演
而掛名的正導演
那些年是九把刀
六弄是藤井樹
吃吃的愛是蔡康永
我想有腦子的人一看這名單都知道在現場真正在導演的八九成就是廖明毅本人

我的少女時代那時候就有爆出陳玉珊名為導演
但是基本都是執行導演林子平代拍
當時金馬獎做法是不管實際只管掛名

現在廖明毅有終於真正執導一部自己掛名正導演的作品
但是看到這些資料後就覺得如果廖真的得獎
實在是有點勝之不武
現在反而有點希望無聲的柯貞年拿獎了

--
※ 發信站: 批踢踢實業坊(ptt.cc), 來自: 1.169.95.54 (臺灣)
※ 文章網址: https://www.ptt.cc/bbs/movie/M.1603099416.A.9A3.html
威廉是誰?
參考謝盈萱那屆
本來謝可以報新演員
但導演覺得謝太強了
去報名新演員就算贏了也勝之不武
就沒有報了
這麼說也是
出口就是""沒腦子""三個字的人比較沒腦子
是不會理性討論嗎?
※ 編輯: l81311i (1.169.95.54 臺灣), 10/19/2020 17:39:52
"
monday5 (monday),movie,[贈票] 知了x可樂電影《咖啡:傾城之愛》放映活動,Mon Oct 19 18:30:33 2020,0,"
知了x 可樂電影－
《咖啡：傾城之愛》電影放映暨贈票活動

【活動時間】

 10月25日(週日）14:00~16:00

【活動地點】

<知了semi salon>
台北市大安區羅斯福路四段119巷22號1樓
近捷運公館站2號出口
公館圓環「公館水煎包」旁巷子進入後步行1分鐘
https://www.facebook.com/semisalontw

《咖啡：傾城之愛》預告片：
https://youtu.be/qHH9vCnUAW8

★★本活動為免費活動★★

入場須點一杯飲料或食物
入場觀影者將隨機贈送兩張「可樂電影」即將上映
《霜花店：朕的男人》電影門票交換券

報名連結
https://forms.gle/BgdnYBgM9JQRVg9o6

【影片介紹】

導演：《黃真伊》《殘骸線索》張允炫
演員：《特務情人：電影版》《七劍》金素妍、《奇皇后》《霜花店》朱鎮模、《諜影殺
機》《偵探上錯床》朴熙順、《青苔：死亡異域》《馬醫》柳善

片長：116分
分級：輔導級
類型：劇情
發音：韓語
字幕：中文

◆鉅資打造跨國取景年度史詩級大作
◆改編自暢銷小說! 描述韓國宮廷史上鮮為人知的秘辛風暴
1896年朝鮮末代王朝大亂，高宗（朴熙順飾）因不堪忍受日本和皇朝親日派雙面夾擊，壓
力下逃到俄國使館避難，進而意外初嘗咖啡的美好滋味。日俄兩國為了各自在朝鮮的利益
最大化，利用高宗對咖啡的喜好，在宮廷內安插間諜展開暗殺計劃。包括俄國雙面間諜神
射手伊利希（朱鎮模飾）、咖啡師妲雅（金素妍 飾）等人…這場伴隨咖啡延溢出來的陰
謀，將如何落幕？

--
※ 發信站: 批踢踢實業坊(ptt.cc), 來自: 101.10.10.35 (臺灣)
※ 文章網址: https://www.ptt.cc/bbs/movie/M.1603103436.A.E2E.html
"
MyAll (靜岡玉露),movie,[影評] 聞天祥評 / 男人的一半還是男人,Mon Oct 19 19:15:59 2020,4,"
【影評】《男人的一半還是男人》　不過時的酷兒經典

https://www.mirrormedia.mg/story/20201012inf004/

--

《男人的一半還是男人》台灣首映是 1992 年的事，
當時美國獨立製片或同志電影多半以金馬影展為集散地，
因此它在院線出現時，宛如奇花異卉。
時隔多年，當這些類型標籤不足為奇，本片依然具備難以磨滅的華彩。

影片表面以街頭男妓為題，但基努李維原型卻來自莎劇，
他先背棄家庭遊蕩街頭，到頭來卻又回歸階級繼承權貴。
先不論其口條，基努李維的外型氣質確實撐得起這個讓所有人心動又心碎的角色，
編導葛斯范桑消化人物並賦予現代性的手法，是當今許多作品遙不可及的成果。

更神奇的是瑞凡菲尼克斯，他飾演一心想找到母親但不時會猝睡的男孩，
想跟基努李維不只是朋友卻沒越過界線。
青春的強悍與脆鋭、美好與哀愁，毫無障礙地融合在他的表演裡。
加上導演以大量意在言外的空鏡烘托他的幻夢、甚至性高潮，
教近乎完美的演出益發迷人。

除此之外，他也不被寫實題材給框限，手法多元自在。
既可以把莎士比亞與公路電影結合無礙，在戲劇性情節融入街頭側訪，
讓青春鳥描述自己的性經驗，也就不足為怪。
葛斯范桑後來為好萊塢拍了幾部成功之作，反而不見這類精彩。

拋下偶包綻放演技光芒的年輕演員，自由無懼衝撞界線的新銳導演，
還有出色的音樂、攝影、剪輯，
一起誠懇地直視欲望、原生家庭的破敗與街頭情義的背叛。
然而當瑞凡菲尼克斯最後又路倒街邊，經過的第一輛車扒光他所有值錢的物品，
但第二輛車上的人卻溫柔地抱起他來，這個沒有結局的結局，
不知怎的帶出了慈悲與撫慰。

--

90 分

導演：葛斯范桑
演員：瑞凡菲尼克斯、基努李維
片長：104 分鐘
級別：輔 15 級
上映日期：10 月 16 日

--

原文結束。

--
    ⊙ ⊙ 卡，收工
    ▼▼▼▼  ◥
    ▲▲▲▲
  /   \
  | |
  ￣￣￣￣￣￣￣￣￣￣￣￣￣￣￣￣￣￣￣￣￣￣￣￣￣￣

--
※ 發信站: 批踢踢實業坊(ptt.cc), 來自: 61.228.129.209 (臺灣)
※ 文章網址: https://www.ptt.cc/bbs/movie/M.1603106161.A.B5B.html
"
nini000 (妮妮),movie,[贈票] 麥路人 交換券*2,Mon Oct 19 19:32:56 2020,3,"
有兩張《麥路人》交換券，可惜場次時間已配合不上，不想浪費所以想讓給需要的人。希
望是明天白天能到中正紀念堂附近找我拿票的版友，如果可以帶2杯超商拿鐵我會非常感
謝

需要的人歡迎站內。

--
※ 發信站: 批踢踢實業坊(ptt.cc), 來自: 118.165.106.157 (臺灣)
※ 文章網址: https://www.ptt.cc/bbs/movie/M.1603107178.A.4C5.html
※ 編輯: nini000 (111.83.206.116 臺灣), 10/19/2020 20:36:17
※ 編輯: nini000 (111.83.206.116 臺灣), 10/20/2020 01:15:25
"
